director_id,name
1,Kirsten Johnson
2,Julien Leclercq
3,Mike Flanagan
4,Robert Cullen
5,José Luis Ucha
6,Haile Gerima
7,Andy Devonshire
8,Theodore Melfi
9,Kongkiat Komesiri
10,Christian Schwochow
11,Bruno Garotti
12,Pedro de Echave García
13,Pablo Azorín Williams
14,Adam Salky
15,Olivier Megaton
16,K.S. Ravikumar
17,Alex Woo
18,Stanley Moore
19,S. Shankar
20,Rajiv Menon
21,Dennis Dugan
22,Scott Stewart
23,Robert Luketic
24,Ashwiny Iyer Tiwari
25,Abhishek Chaubey
26,Saket Chaudhary
27,Daniel Sandu
28,Cédric Jimenez
29,George Nolfi
30,Steven Spielberg
31,Jeannot Szwarc
32,Joe Alves
33,Joseph Sargent
34,Tyler Greco
35,Daniel Espinosa
36,Bunmi Ajakaiye
37,Antoine Fuqua
38,Toshiya Shinohara
39,Masahiko Murata
40,Hajime Kamegaki
41,Hirotsugu Kawasaki
42,Toshiyuki Tsuru
43,Tensai Okamura
44,David Yarovesky
45,Hanns-Bruno Kammertöns
46,Vanessa Nöcker
47,Michael Wech
48,David A. Vargas
49,Kemi Adetiba
50,Ben Simms
51,Prakash Satam
52,Delhiprasad Deenadayalan
53,Tomer Eshed
54,Cedric Nicolas-Troyan
55,JJC Skillz
56,Funke Akindele
57,Thomas Sieben
58,Marcus Clarke
59,Alice Waddington
60,Mona Achache
61,Patricia Tourancheau
62,Alexis Almström
63,Raja Gosnell
64,Stephen Kijak
65,Chapman Way
66,Maclain Way
67,Jason Hehir
68,Yemi Amodu
69,Lijo Jose Pellissery
70,David de Vos
71,Luis Alfaro
72,Javier Gómez Santander
73,Sara Colangelo
74,Stephen Herek
75,Rahul Rawail
76,Jane Campion
77,Nagesh Kukunoor
78,Luke Holland
79,Shanker Raman
80,JP Habac
81,Vidhu Vinod Chopra
82,Mark Rosman
83,Gilles Paquet-Brenner
84,Lasse Hallström
85,Scott Pleydell-Pearce
86,Ridley Scott
87,Neill Blomkamp
88,Phillip Noyce
89,Renny Harlin
90,Anthony Minghella
91,Simon Wincer
92,Spike Lee
93,Sebastián Schindel
94,Steven C. Miller
95,Richard LaGravenese
96,Martin Campbell
97,Reginald Hudlin
98,George Jackson
99,Doug McHenry
100,Eric Meza
101,Gerhard Mostert
102,Michael Martin
103,Michael Rymer
104,Andrew Lau Wai-keung
105,Alan Mak
106,Brett Weiner
107,Jim Henson
108,Gary Winick
109,Danishka Esterhazy
110,Troy Byer
111,Pang Ho-cheung
112,Tim Burton
113,David Zucker
114,Kinka Usher
115,Sergio Leone
116,Matthew O'Callaghan
117,Todd Wilderman
118,Bobby Farrelly
119,Peter Farrelly
120,Wolfgang Petersen
121,Peter Spirer
122,Michael Carney
123,Richard Linklater
124,Amy Rice
125,Randal Kleiser
126,Michael Ritchie
127,J. Lee Thompson
128,Evan Goldberg
129,Seth Rogen
130,Tom Shadyac
131,Peter Segal
132,Malcolm D. Lee
133,Ramzy Bedia
134,Éric Judor
135,Sharan Koppisetty
136,Taylor Sheridan
137,Sachin Yardi
138,Saurabh Kabra
139,Mark Waters
140,Partho Mitra
141,Santram Varma
142,Anil V. Kumar
143,Anurag Basu
144,Sangeeth Sivan
145,Umesh Ghadge
146,David Dhawan
147,Dibakar Banerjee
148,Apoorva Lakhia
149,Milan Luthria
150,Pawan Kripalani
151,Bhushan Patel
152,Magnus Martens
153,Raj Nidimoru
154,Krishna D.K.
155,Joshua Rofé
156,Brad Anderson
157,Mauricio Dias
158,Tatiana Villela
159,Angel Kristi Williams
160,Roger Donaldson
161,Christopher Alender
162,Rush Sturges
163,David Oyelowo
164,Mark Lo
165,Crystal Moselle
166,Rathindran R Prasad
167,Han Kwang Il
168,Karim El Shenawy
169,Yin Chen-hao
170,Brian Andrew Mendoza
171,Dave Needham
172,Veronica Velasco
173,Drake Doremus
174,Miguel Alexandre
175,Mani Ratnam
176,Michael Harte
177,Tosin Igho
178,Alice Filippi
179,Paakhi Tyrewala
180,Laura Brownson
181,Steve Brill
182,Moses Inwang
183,Ferdinando Cito Filomarino
184,Juan Carlos Medina
185,Inma Torrente
186,Julián Gaviria
187,Steven Yamamoto
188,Charles Uwagbai
189,Julián Hernández
190,Sam Hobkinson
191,Vince Marcello
192,Jonathan Teplitzky
193,Sakon Tiacharoen
194,Floyd Russ
195,Dustin Hoffman
196,Adze Ugah
197,Hideaki Takizawa
198,Quoc Bao Tran
199,Bejoy Nambiar
200,Priyadarshan
201,Karthik Narain
202,Vasanth Sai
203,Karthik Subbaraj
204,Arvind Swamy
205,Sarjun
206,Gautham Vasudev Menon
207,Kayode Kasum
208,Just Philippot
209,Kirk DeMicco
210,Brandon Jeffords
211,Rohit Shetty
212,Cavi Borges
213,Luciano Vidigal
214,Alejandro Doria
215,Laura Fairrie
216,Marcelo Piñeyro
217,Izu Ojukwu
218,Peter Winther
219,Susan Lacy
220,Billy Corben
221,James Mangold
222,Chineze Anyaene
223,Hsu Fu-chun
224,Kristine Stolakis
225,Eva Müller
226,Michael Schmitt
227,Brian Levant
228,Rod Daniel
229,Robert Zemeckis
230,Todor Chapkanov
231,Phil Lord
232,Christopher Miller
233,John Hughes
234,Justin Baldoni
235,Joe Roth
236,Mark Helfrich
237,Mag Hsu
238,Hsu Chih-yen
239,Christopher Nolan
240,Paul Thomas Anderson
241,Nick Castle
242,Howard Zieff
243,David Feiss
244,David Gordon Green
245,Jorge Blanco
246,Zara Hayes
247,Gary Ross
248,Clint Eastwood
249,Trey Parker
250,Kelly Fremon Craig
251,Tom Elkins
252,Tony Scott
253,Brad Furman
254,Sylvain White
255,Irwin Winkler
256,Garry Marshall
257,Kenneth Gyang
258,Jaume Balagueró
259,Najwa Najjar
260,Selçuk Metin
261,Keishi Otomo
262,David Charhon
263,Michelle Bello
264,Steven Tsuchida
265,Daniel Markowicz
266,Louie Schwartzberg
267,Glen Winter
268,Ram Gopal Varma
269,David Benullo
270,Laxman Utekar
271,Royale Watkins
272,Rich Schlansker
273,Yuval Adler
274,Quentin Tarantino
275,Clay Glen
276,Muzi Mthembu
277,Marcos Bucay
278,Peter Thorwarth
279,Kim Seong-hun
280,Augustine Frizzell
281,Sidheswar Shukla
282,Rajiv Chilaka
283,Binayak Das
284,Arpan Sarkar
285,Shyamal Chaulia
286,Owll Mina
287,Ainsley Gardiner
288,Briar Grace-Smith
289,Mahmoud Karim
290,Kyohei Ishiguro
291,Seyi Babatope
292,Johane Matte
293,Andrew L. Schmidt
294,Francisco Ruiz Velasco
295,Morgan Ingari
296,Abdulaziz Alshlahei
297,Edward Drake
298,Kathryn Fasegha
299,Sita Likitvanichkul
300,Jetarin Ratanaserikiat
301,Apirak Samudkitpaisan
302,Thanabodee Uawithya
303,Adirek Wattaleela
304,Leigh Janiak
305,Luis Estrada
306,Garrett Bradley
307,Sofia Coppola
308,Colin Trevorrow
309,Bill Condon
310,David Slade
311,Chris Weitz
312,Catherine Hardwicke
313,Hadrah Daeng Ratu
314,Tommy Chong
315,Fred Ouro Preto
316,Mayye Zayed
317,Alessandra de Rossi
318,Ash Brannon
319,Chris Buck
320,Alaa Eddine Aljem
321,Tom Donahue
322,Roberto De Feo
323,Paolo Strippoli
324,Navot Papushado
325,Manuel Alcalá
326,Ricardo Trogi
327,Semi Chellas
328,Akay Mason
329,Abosi Ogba
330,Viridiana Lieberman
331,Nima Nourizadeh
332,Daniel Růžička
333,Juraj Šajmovič
334,Femi D. Ogunsanwo
335,Douglas Attal
336,Kim Joo-hyung
337,Avi Federgreen
338,Jericca Cleland
339,Kevin Munroe
340,Ahmed Siddiqui
341,Hallie Meyers-Shyer
342,Scott Speer
343,Barry Levinson
344,Tolulope Itegboje
345,Camille Delamarre
346,Pascal Atuma
347,Oleg Trofim
348,Mahmood Ali-Balogun
349,Jan Holoubek
350,Anurin Nwunembom
351,Musing Derrick
352,Christine Luby
353,Udoka Oyeka
354,Yeo Siew Hua
355,Hardik Mehta
356,Rajveer Singh Maan
357,Harpeet Singh
358,Youssef Chahine
359,Saw Teong Hin
360,Nik Amir Mustapha
361,M.S. Prem Nath
362,Rano Karno
363,Pramod Pawar
364,Naresh Saigal
365,Vinil Mathew
366,Neri Parenti
367,Ramsey Nouah
368,Bong Joon Ho
369,Kim Tae-hyung
370,Michael Spierig
371,Peter Spierig
372,Ernie Barbarash
373,Matt Ogens
374,Jay Roach
375,McG
376,Frank Marshall
377,Victor Vu
378,Chow Hin Yeung Roy
379,Joel Hopkins
380,John Stevenson
381,Mark Osborne
382,Jennifer Yuh Nelson
383,Greg Berlanti
384,Garth Davis
385,Malik Nejer
386,Rob Marshall
387,Martin Brest
388,Shuko Murase
389,Paul W.S. Anderson
390,Ivan Reitman
391,Joel Gallen
392,Claire McCarthy
393,Mary Lambert
394,Sidharta Tata
395,Aco Tenriyagelli
396,Dian Sastrowardoyo
397,Ifa Isfansyah
398,Jason Iskandar
399,Trevor Nunn
400,Gabriele Muccino
401,Jim Field Smith
402,Chris Koch
403,J.J. Abrams
404,Rob Minkoff
405,Lynn Shelton
406,Adam McKay
407,Anton Corbijn
408,Robin Bissell
409,David Fincher
410,John G. Avildsen
411,Alan Parker
412,Walter Hill
413,Stephen Frears
414,Bryan Bertino
415,Phil Alden Robinson
416,Florian Henckel von Donnersmarck
417,Len Wiseman
418,Måns Mårlind
419,Björn Stein
420,Patrick Tatopoulos
421,Robert O. Peters
422,Vincent Ward
423,Gregory Nava
424,Mary Harron
425,Matt Thompson
426,Jameel Buari
427,Shen Leping
428,Matt Aselton
429,Jose Javier Reyes
430,Jakub Piątek
431,John Dower
432,B. T Thomas
433,Andrew Dominik
434,Nibal Arakji
435,Sofie Šustková
436,Anissa Bonnefont
437,Bahij Hojeij
438,Jonathan Hensleigh
439,Srijit Mukherji
440,Vasan Bala
441,Justin P. Lange
442,Kimmy Gatewood
443,Tània Balló
444,Manolo Caro
445,Jayme Monjardim
446,Kingsley Ogoro
447,Cristina Jacob
448,Fernando Moro
449,Ivan Andrew Payawal
450,Yoshiyuki Tomino
451,Yoshikazu Yasuhiko
452,Rob Seidenglanz
453,Simon Frederick
454,Michihito Fujii
455,Paul Weitz
456,Lucky Kuswandi
457,Soudade Kaadan
458,Antoinette Jadaone
459,Marie Clements
460,David O. Russell
461,Achille Brice
462,Max Jabs
463,Sarawut Wichiensarn
464,Ricardo de Montreuil
465,Peter Chelsom
466,Michael Lockshin
467,Francine Parker
468,Daniel Schechter
469,Mike Gunther
470,David Zeiger
471,Michael Simon
472,Jerry Rothwell
473,Joe Berlinger
474,Bruce Sinofsky
475,Ian Cheney
476,Sharon Shattuck
477,Bradley Parker
478,Prabhakaran
479,Manjari Makijany
480,Jay Oliva
481,Chris Appelhans
482,Michael Tiddes
483,Lara Saba
484,Bao Nhan
485,Namcito
486,Mark Raso
487,Tariq Alkazim
488,Yulene Olaizola
489,Matthew Heineman
490,Robert Peters
491,Jonathan Clay
492,Ally Pankiw
493,George Ford
494,Lee Kae-byeok
495,Jayan Moodley
496,Daniel Benmayor
497,Alex Díaz
498,Helena Bergström
499,Alejandro De Grazia
500,Juan Stadler
501,Myriam Fares
502,Chiaki Kon
503,Rae Red
504,Lance Hool
505,Nicole Conn
506,Les Mayfield
507,Ellen Seidler
508,Megan Siler
509,Roger Christian
510,Peter Galison
511,Lance Young
512,Leandro Neri
513,Thom Fitzgerald
514,Don Michael Paul
515,Andrzej Bartkowiak
516,Harold Becker
517,Andrew Jenks
518,Ric Roman Waugh
519,Rob Reiner
520,Andy Tennant
521,Tade Ogidan
522,Scott Spiegel
523,Jessie Nelson
524,Theodore Witcher
525,Aurora Guerrero
526,Michael Jai White
527,James McTeigue
528,Takuya Igarashi
529,Michelle MacLaren
530,Hidenori Inoue
531,Todd Phillips
532,Steve Ball
533,Dominic Sena
534,Alan Alda
535,Mika Kaurismäki
536,Sydney Pollack
537,Lorene Scafaria
538,Barbra Streisand
539,Michael Winterbottom
540,Emma Tammi
541,Peter Hutchings
542,George Ratliff
543,Bo Burnham
544,Ekene Som Mekwunye
545,David Frankel
546,Kevin Johnson
547,José Larraza
548,Marc Pons
549,Gary Sing
550,Julio Quintana
551,Paween Purijitpanya
552,Pablo Faro
553,Letizia Lamartire
554,Ray Jiang
555,Daniel Vernon
556,Steve Gukas
557,Tim Johnson
558,Vishwesh Krishnamoorthy
559,Zack Snyder
560,Uduak-Obong Patrick
561,Mohamed Diab
562,Amr Salama
563,Christopher Amos
564,Robert Rodriguez
565,David Ayer
566,Eshom Nelms
567,Ian Nelms
568,James Moll
569,James Redford
570,Kaashvie Nair
571,J.D. Dillard
572,Nikhil Pherwani
573,Mae Czarina Cruz
574,Praveen Kandregula
575,Cecilia Verheyden
576,Daniel Minahan
577,Donovan Marsh
578,Brent Dawes
579,Leli Maki
580,Uzodinma Okpechi
581,Daniel Prochaska
582,Joe Wright
583,Matthew Vaughn
584,Aditya Kripalani
585,Adriano Rudiman
586,David Pablos
587,Alexandre Aja
588,Cai Cong
589,Samuel Olatunji
590,Ramon Térmens
591,Svetlana Cvetko
592,Martin Prakkat
593,Baran bo Odar
594,Zhang Chong
595,Yılmaz Erdoğan
596,Shantrelle P. Lewis
597,Ivan Ayr
598,Anthony Mandler
599,Vijay Roche
600,Stanley Menino D'Costa
601,Jennifer Brea
602,Julia von Heinz
603,Niels Arden Oplev
604,Don Argott
605,Sheena M. Joyce
606,Joshua Zeman
607,Duncan Skiles
608,Sean McNamara
609,Vondie Curtis-Hall
610,Robert Radler
611,Roel Reiné
612,Dean Parisot
613,Paul Greengrass
614,Justin Kelly
615,Eric Darnell
616,Tom McGrath
617,Conrad Vernon
618,Suhas Kadav
619,Jeff Wadlow
620,Charles Martin
621,Stella Corradi
622,Roland Emmerich
623,Kevin Macdonald
624,Ann Deborah Fishman
625,Chris Gorak
626,Peter Jackson
627,Roger Kumble
628,Jonathan Lynn
629,Courtney Hunt
630,Pierre Greco
631,Nancy Florence Savard
632,Andrew Davis
633,Kevin Smith
634,Chaitanya Tamhane
635,Oriol Paulo
636,Mike Rianda
637,Jeff Rowe
638,Johannes Roberts
639,Robert Pulcini
640,Shari Springer Berman
641,Pedro Antonio
642,John Wells
643,Jonathan Liebesman
644,Maria Pulera
645,Santhosh Viswanath
646,Seema Pahwa
647,Ozan Açıktan
648,Meltem Bozoflu
649,Hakan Algül
650,Selçuk Aydemir
651,Birkan Pusa
652,Ömer Faruk Sorak
653,Şenol Sönmez
654,Alexis Morante
655,Burak Aksak
656,Kıvanç Baruönü
657,Rindala Kodeih
658,Kongkiat Khomsiri
659,Bedran Güzel
660,Marwan Nabil
661,MIKIKO
662,Daito Manabe
663,Takashi Shimizu
664,Joe Penna
665,Ahishor Solomon
666,Curtis Graham
667,Gerardo Gatica
668,Akshay Sanjeev Chavan
669,Sumit Das
670,John Madden
671,Edward James Olmos
672,Abhinay Deo
673,Kiran Rao
674,Abbas Tyrewala
675,Ashutosh Gowariker
676,Satyajit Bhatkal
677,Anusha Rizvi
678,Mahmood Farooqui
679,Aamir Khan
680,Shashank Khaitan
681,Raj Mehta
682,Neeraj Ghaywan
683,Kayoze Irani
684,Ryan Crego
685,Cassi Simonds
686,Guillermo del Toro
687,Tony Abulu
688,Stefan Westerwelle
689,Ron Howard
690,Justin Benson
691,Aaron Moorhead
692,Niki Caro
693,Mark Dennis
694,Ben Foster
695,Taranveer Singh
696,TT The Artist
697,Keiichi Sato
698,Yasushi Kawamura
699,Glenn Weiss
700,Michael Civille
701,Ryuichi Hiroki
702,One9
703,Luis Valdez
704,Cheng Wei-hao
705,Pass Patthanakumjon
706,Buchi Babu Sana
707,Fredrick Munk
708,Moyoung Jin
709,Caroline Sá
710,Deepti Kakkar
711,Fahad Mustafa
712,Hikaru Toda
713,Chico Pereira
714,Elaine McMillion Sheldon
715,Zhao Ji
716,Jamie Babbit
717,Park Hoon-jung
718,Dare Olaitan
719,Ben Falcone
720,Travon Free
721,Martin Desmond Roe
722,Angga Dwimas Sasongko
723,Steve Rolston
724,Shalini Kantayya
725,Madonne Ashwin
726,Enah Johnscott
727,Braden R. Duemmler
728,Cal Brunker
729,Steve Pink
730,Xiao Feng
731,Ricky Staub
732,Patrick Durham
733,Paul G. Volk
734,BB Sasore
735,Naseef Yusuf Izuddin
736,Appie Boudellah
737,Aram van de Rest
738,Sylvie Verheyde
739,Nick Moore
740,Alex Zamm
741,Rajkumar Hirani
742,Rajesh Mapuskar
743,Lina Al Abed
744,James Wan
745,David Hackl
746,Takeshi Nozue
747,Subhash Kapoor
748,Ringo Lam
749,George Cukor
750,Tony Giglio
751,Shinji Aramaki
752,Masaru Matsumoto
753,John Luessenhop
754,Hanung Bramantyo
755,Pandu Adjisurya
756,Bashir El Deek
757,Roman Polański
758,Nelson McCormick
759,Mic Rodgers
760,Shawn Rech
761,Peyton Reed
762,Julian Schnabel
763,Adrián García Bogliano
764,Jose Gomez
765,Jonathon Link
766,Blair Simmons
767,Justin Chadwick
768,John Hillcoat
769,Nadine Ibrahim
770,Roman White
771,Fermín Muguruza
772,Mike Hodges
773,Eylem Kaftan
774,Fernando Ayllón
775,Umesh Bist
776,Massimiliano Camaiti
777,Aleksey Tsitsilin
778,Ali Tabrizi
779,Kagiso Lediga
780,Jung-ah Im
781,Takuma Sato
782,Brody Chu
783,Dimitri Logothetis
784,Taketoshi Sado
785,Li Weiran
786,Chinaza Onuzo
787,Anna Elizabeth James
788,Vitor Brandt
789,Troy Miller
790,Liam O'Donnell
791,Manny Rodriguez
792,Jay Lavender
793,Farah Nabulsi
794,Walter Taylaur
795,Chris Smith
796,Alain Brunard
797,Tate Taylor
798,Ladislaus Kiraly
799,Oliver Stone
800,Hemambar Jasti
801,Taylor Morden
802,Helena Coan
803,Muharrem Gülmez
804,Dolapo Adeleke
805,Mahsun Kırmızıgül
806,Can Ulkay
807,Luis Alejandro Pérez
808,Ketche
809,Erol Özlevi
810,Miguel Arteta
811,Tolga Örnek
812,Pablo Agüero
813,Mohammad Irfan Ramly
814,Kevin McManus
815,Matthew McManus
816,Ange Basterga
817,Nicolas Lopez
818,Gitanjali Rao
819,Halitha Shameem
820,Carlos Moreno
821,Maribel Sánchez-Maroto
822,Fajar Bustomi
823,Taylor Hackford
824,Amy Poehler
825,Jared Hess
826,Tyler Measom
827,Mike Binder
828,Abir Sengupta
829,Sunny Lau
830,Emmett Malloy
831,Xavier Maingon
832,Marc-Antoine Hélard
833,Milton Kremer
834,Kevin Costner
835,Marco Petry
836,Andrew Duncan
837,Ken Cunningham
838,Liam Lynch
839,Jérémie Degruson
840,Ben Stassen
841,Matt Ross
842,Dani de la Orden
843,Pablo Larraín
844,John Erick Dowdle
845,Jesse Peretz
846,Ribhu Dasgupta
847,Rizki Balki
848,Shunsuke Kariyama
849,Jeferson De
850,Barry Avrich
851,David Tryhorn
852,Ben Nicholas
853,Tirumala Kishore
854,Huang Hsin-Yao
855,Saron Sakina
856,J Blakeson
857,Khalid Rahman
858,Luis Ara
859,Tharun Bhascker Dhaassyam
860,B. V. Nandini Reddy
861,Nag Ashwin
862,Sankalp Reddy
863,Prateek Vats
864,Alex Merkin
865,Vikram Bhatt
866,Dallas Jenkins
867,Damián Romay
868,Hamisha Daryani Ahuja
869,Hong Khaou
870,Mario Briongos
871,Vinay Bharadwaj
872,Michael Fimognari
873,Eric D. Cabello Díaz
874,Clara Martínez-Lázaro
875,Monty Tiwa
876,Ava DuVernay
877,Alain Darborg
878,Filip Zylber
879,Julien Royal
880,Brian Baugh
881,Henri Wong
882,Maïa Sandoz
883,Mostofa Sarwar Farooki
884,Joseph Hsu
885,Sam Levinson
886,Jo Sung-hee
887,Michèle Ohayon
888,Rocco Ricciardulli
889,Guo Jingming
890,Jan Belcl
891,Esteban Crespo
892,Noé González
893,Sarah Gavron
894,Martin Scorsese
895,Richard Arellano
896,Jon Favreau
897,Marco Pontecorvo
898,Gregory Plotkin
899,Lluís Quílez
900,Jude Weng
901,Simon Stone
902,Noviandra Santosa
903,Jeremy Grant
904,Jeo Baby
905,Glendyn Ivin
906,Okey Oku
907,Ifeanyi Ikpoenyi
908,Chris Eneng Enaji
909,Ángeles Reiné
910,Paul Haggis
911,Ramin Bahrani
912,Nicol Paone
913,Nick Rowland
914,RZA
915,Cooper Karl
916,Gary Fleder
917,J.A. Bayona
918,Darren Lynn Bousman
919,Lydia Dean Pilcher
920,Ginny Mohler
921,Cris D'Amato
922,Mikael Håfström
923,Simon J. Smith
924,Byeon Hee-sun
925,Peter Facinelli
926,Renuka Shahane
927,Ross Kauffman
928,Sung Do-jun
929,Charles Gozali
930,Bagus Bramanti
931,James Toback
932,Tiller Russell
933,Francisco D'Eufemia
934,Chris Rock
935,Juliet May
936,Stanley Nelson
937,Olivier Nakache
938,Éric Toledano
939,Prakash Jha
940,Rohan Sippy
941,Ross Venokur
942,Rohena Gera
943,Maite Ruiz De Austri
944,Jastis Arimba
945,Eric Summer
946,Éric Warin
947,Kornél Mundruczó
948,Alejandro Ruax
949,Ramiro Martínez
950,Florent Bodin
951,Sohail Khan
952,Hallvard Bræin
953,Jeff Tremaine
954,Christian Alvart
955,Robert Townsend
956,Jeff Deverett
957,Ron Krauss
958,Brian Robbins
959,Jeff Stilson
960,Sean Penn
961,Mark McQueen
962,Melanie Mayron
963,Donald Petrie
964,Tony Collingwood
965,Jennifer Beamish
966,Toby Trackman
967,Jaume Collet-Serra
968,Kim Dong-kyu
969,Shaz Bennett
970,Samar Shaikh
971,Archie Hekagery
972,Sabrina Rochelle Kalangie
973,Cosima Spender
974,Liao Shih-han
975,Arnon Manor
976,Timothy Ware-Hill
977,Gore Verbinski
978,Al Campbell
979,Alice Mathias
980,Maïwenn
981,Richard Weston
982,Vikramaditya Motwane
983,Prime Cruz
984,Andibachtiar Yusuf
985,Yandy Laurens
986,Cathy Garcia-Molina
987,John Mitchell
988,Jeremy Kipp Walker
989,George Clooney
990,Liu Kuang-hui
991,Kristian Mercado
992,Daan Jansen
993,Stijn Verlinde
994,Jay Grace
995,Paul Dugdale
996,James Haslam
997,Muhammad Ali
998,Thomas Toby Parkinson
999,John Putch
1000,Sam Macaroni
1001,George C. Wolfe
1002,Yasmin Ahmad
1003,Sudha Kongara
1004,Vignesh Shivan
1005,Vetri Maaran
1006,Juan Camilo Pinzon
1007,Lin Oeding
1008,Naya Anindita
1009,Alexx Media
1010,Farishad I. Latjuba
1011,Andrucha Waddington
1012,Pedro Waddington
1013,Picky Talarico
1014,Jun Lana
1015,Brad Peyton
1016,Lee Daniels
1017,Tom Ford
1018,Ellena Wood
1019,Jesse Vile
1020,Vir Das
1021,Miranda de Pencier
1022,Farhad Safinia
1023,Shaun Paul Piccinino
1024,Eddie Rosas
1025,Frank E. Abney III
1026,James D. Stern
1027,Fernando Villena
1028,Ryan Murphy
1029,Girish Malik
1030,Deepa Mehta
1031,Lai Chun-yu
1032,Theodore Boborol
1033,Sydney Sibilia
1034,Josiah Ng
1035,Kirk Wise
1036,Beth Sleven
1037,Allan Jacobsen
1038,Kevin Wotton
1039,Jalil Lespert
1040,Su I-Hsuan
1041,Chuang Shiang-an
1042,Liu Yi
1043,Clint Butler
1044,Erik Kling
1045,Kevin Peaty
1046,Detlev Buck
1047,Amanda Raymond
1048,Jason Paul Laxamana
1049,Marc Fouchard
1050,Darragh O'Connell
1051,Roberto Santucci
1052,Dado C. Lumibao
1053,August Jakobsson
1054,Anna Wieczur-Bluszcz
1055,Damien O’Connor
1056,Richard Laxton
1057,Gil Kenan
1058,Phil Burgers
1059,Pierre Morel
1060,Brian Henson
1061,Derick Cabrido
1062,Marla M. Ancheta
1063,Jen McGowan
1064,Bernie Denk
1065,Brian Skiba
1066,Oliver Bokelberg
1067,Ángel Gómez Hernández
1068,Ludovico Di Martino
1069,Lee Chung-hyun
1070,Barry Gonzalez
1071,Brian Volk-Weiss
1072,Matthew Michael Carnahan
1073,Eric Bress
1074,Chris Columbus
1075,V Vignarajan
1076,Greg Rankin
1077,TJ Sullivan
1078,Carlos Sorín
1079,Matt Eskandari
1080,Grant Singer
1081,Mohammad Adel
1082,Debbie Allen
1083,Victor Gatonye
1084,Stephen Chiodo
1085,Will McCormack
1086,Michael Govier
1087,Monica Floyd
1088,Anurag Kashyap
1089,Siddique
1090,Danish Aslam
1091,Vibhu Virender Puri
1092,Mike Rohl
1093,Shyam Benegal
1094,Takeshi Fukunaga
1095,Leslie Small
1096,Jeff Nichols
1097,Sabaah Folayan
1098,Damon Davis
1099,Justin G. Dyck
1100,Cody Cameron
1101,Kris Pearn
1102,Michael Curtiz
1103,Avinash Walzade
1104,David E. Talbert
1105,Renata Terra
1106,Edoardo Ponti
1107,Mateo Gil
1108,Paul Soriano
1109,Ryan Coogler
1110,Lucas Santa Ana
1111,Carla Barros
1112,Ulrike Kofler
1113,Steven Bognar
1114,Julia Reichert
1115,Kunle Afolayan
1116,Weica Wang
1117,Aitor Arregi
1118,Jon Garaño
1119,Jose Mari Goenaga
1120,Kevin Pollak
1121,Otoja Abit
1122,Alejandro Hartmann
1123,Maxwell McGuire
1124,Ruel S. Bayani
1125,Martin Wood
1126,Narendra Nath
1127,Jan-Peter Horns
1128,Tatsushi Omori
1129,Estela Renner
1130,Zeek Earl
1131,Christopher Caldwell
1132,Michael Kampa
1133,Chanda Bell
1134,Jennifer Westcott
1135,Richard Greenberg
1136,Peter Berg
1137,Nicolas Pesce
1138,Christopher Cain
1139,Juliana Vicente
1140,Harald Zwart
1141,Stacia Crawford
1142,Remi Weekes
1143,Tope Oshin
1144,Terrie Samundra
1145,Olivier Marchal
1146,Santiago Alvarado Ilarri
1147,Frasco Mortiz
1148,John Whitesell
1149,Antonio Díaz
1150,Nimród Antal
1151,Bartosz M. Kowalski
1152,James Tovell
1153,Matías Gueilburt
1154,Natasha Lyonne
1155,Chang Chin-jung
1156,Chen Rong-hui
1157,Rajkumar Santoshi
1158,Lance Daly
1159,Unjoo Moon
1160,Gil Baroni
1161,Thierry Demaizière
1162,Alban Teurlai
1163,Glen Keane
1164,Chris Sivertson
1165,Kief Davidson
1166,Pedro Kos
1167,Jarand Herdal
1168,Dan Villegas
1169,Chris Foggin
1170,Kim Nguyen
1171,Karen Maine
1172,Tim Neeves
1173,Ben Wheatley
1174,Maroun Baghdadi
1175,Philippe Aractingi
1176,Amin Dora
1177,Rana Eid
1178,Daniel Joseph
1179,Randa Chahal Sabbag
1180,Ziad Doueiri
1181,Shady Hanna
1182,Josef Fares
1183,Sam Fell
1184,Chris Butler
1185,Ross Boyask
1186,David 'Tosh' Gitonga
1187,Michael Jones
1188,Ti West
1189,Aaron Sorkin
1190,Levan Gabriadze
1191,Rachel Talalay
1192,Sam Liu
1193,Peter Mimi
1194,Lasja Fauzia Susatyo
1195,Pavitra Chalam
1196,Akshay Shankar
1197,Kevin Ko
1198,Peter Tsi
1199,Caroline Suh
1200,Carlos Pérez Osorio
1201,Ken Ghosh
1202,Indra Kumar
1203,B. Subhash
1204,Harshavardhan Kulkarni
1205,Neeraj Vora
1206,Puneet Khanna
1207,Radha Blank
1208,Bigflo & Oli
1209,Jérémie Levypon
1210,Eduardo Pinto
1211,Pavel Kostomarov
1212,Mike Elliott
1213,Francis Whately
1214,Jon Izen
1215,Christopher Nolen
1216,Alastair Fothergill
1217,Jonnie Hughes
1218,Keith Scholey
1219,Amy Segal
1220,Umut Aral
1221,Umut Kirca
1222,Sudhir Mishra
1223,Domenico de Feudis
1224,Oz Rodriguez
1225,Salvador Espinosa
1226,Adrian Teh
1227,Brad Silberling
1228,Elsa Flores Almaraz
1229,Richard J Montoya
1230,Carey McKenzie
1231,Adam Bolt
1232,Taika Waititi
1233,Lindsey Cordero
1234,Armando Croda
1235,David LaChapelle
1236,Mostafa Abu Seif
1237,Faris Godus
1238,Rod Lurie
1239,Stacie Passon
1240,Jenny Popplewell
1241,Florian Schott
1242,Tom Whitworth
1243,Joe Mantello
1244,Lee Hirsch
1245,Page Hurwitz
1246,Dallas Jackson
1247,Rajat Kapoor
1248,Imtiaz Ali
1249,Navdeep Singh
1250,Anees Bazmee
1251,Rikhil Bahadur
1252,Shawn Levy
1253,Harry Bradbeer
1254,Joshua Tickell
1255,Rebecca Harrell Tickell
1256,Sophia Nahli Allison
1257,Norihisa Hiranuma
1258,Shigeaki Kubo
1259,Tsuyoshi Nakakuki
1260,Yudai Yamaguchi
1261,Marwan Hamed
1262,Smeep Kang
1263,Raja Chanda
1264,Tigmanshu Dhulia
1265,Akashdeep
1266,Rajesh Ganguly
1267,Alankrita Shrivastava
1268,Chandra Liow
1269,Sekhar Kammula
1270,Gary Andrews
1271,Merawi Gerima
1272,Kubhaer T. Jethwani
1273,Antonio Campos
1274,Carles Torras
1275,James Watkins
1276,Philippa Lowthorpe
1277,Pailin Wedel
1278,Chris Howe
1279,Peter Sollett
1280,Steve Bencich
1281,Tosin Coker
1282,Javier Colinas
1283,Dean DeBlois
1284,Reinhard Klooss
1285,Shaun Mir
1286,Satish Rajwade
1287,Abhijeet Deshpande
1288,Mahesh Manjrekar
1289,Prakash Kunte
1290,Manish Saini
1291,Kenny Ortega
1292,Makarand Mane
1293,Vijay Maurya
1294,Sameer Patil
1295,Kenzo Maihara
1296,Amandha Wyanto
1297,Ahmed Nader Galal
1298,Arati Kadav
1299,Maïmouna Doucouré
1300,Pepe Mora
1301,Marcos Carnevale
1302,Jeff Orlowski
1303,Cho Il
1304,Pippa Ehrlich
1305,James Reed
1306,Tolga Karaçelik
1307,Davis Guggenheim
1308,Philip Barantini
1309,Charlie Kaufman
1310,Abba T. Makama
1311,Junior Carelli
1312,Rudge Campos
1313,Ertanto Robby Soediskam
1314,Mark Steven Johnson
1315,Felix Binder
1316,Thor Freudenthal
1317,Nguyen Thanh Tung
1318,Baltasar Kormákur
1319,Conrad Helten
1320,Ayumu Watanabe
1321,Hitoshi Namba
1322,Chris Miller
1323,Sean Anders
1324,Abbas Mustan
1325,Duncan McMath
1326,Dan Forgione
1327,Pete Jacobs
1328,Matt Whitlock
1329,Francesco Carnesecchi
1330,Greg Tiernan
1331,Mark Thornton
1332,Todd Kauffman
1333,Shamzu Zayba
1334,Jesse V. Johnson
1335,Brett Haley
1336,Chris Roland
1337,Maradona Dias Dos Santos
1338,David Galán Galindo
1339,David Moreton
1340,Lester Hsi
1341,Cyrus Nowrasteh
1342,Isabel Sandoval
1343,Nathan Wiley
1344,Wayne Blair
1345,Atul Sabharwal
1346,Bernardo Arellano
1347,Trish Sie
1348,Hong Won-ki
1349,Khaled Marei
1350,Fred Wolf
1351,Niyi Akinmolayan
1352,Sammaria Sari Simanjuntak
1353,Chairun Nissa
1354,Tom Hooper
1355,Sergei Bodrov
1356,Anna Stone
1357,Cory Edwards
1358,Faraday Okoro
1359,Henry Joost
1360,Ariel Schulman
1361,Rebecca Zlotowski
1362,Sharan Sharma
1363,Tyler Spindel
1364,Vicky Wight
1365,Marc Meyers
1366,Franziska Meyer Price
1367,Steven Rinella
1368,Laura Terruso
1369,Martín Sastre
1370,Franck Nataf
1371,Pascal Amanfo
1372,Savage Steve Holland
1373,Mike Doyle
1374,Darren Grant
1375,Joseph Ruben
1376,Mfanelo Ngoma
1377,Colin Minihan
1378,Regina Welker
1379,Nina Wels
1380,Honey Trehan
1381,Katleho Ramaphakela
1382,Rethabile Ramaphakela
1383,Ariel Boles
1384,Álvaro Delgado-Aparicio L.
1385,Venkatesh Maha
1386,Nopparoj Chotmunkongsit
1387,Aniedi Anwah
1388,Mickey Fonseca
1389,Matias Mariani
1390,Jan Komasa
1391,Sue Kim
1392,Paul Solet
1393,Ben Kasulke
1394,Gagan Puri
1395,Teddy Chan
1396,Bhavin Wadia
1397,Tony Bancroft
1398,Scott Christian Sava
1399,Tope Alake
1400,Fernando González Molina
1401,Yuki Tanada
1402,Alex Gibney
1403,Ahn Byoung-wook
1404,Sibusiso Khuzwayo
1405,Lisa Cortés
1406,Farah X
1407,Wilson Yip
1408,Dave Skinner
1409,Freddie Waters
1410,Denis Do
1411,Leslye Davis
1412,Catrin Einhorn
1413,Toka McBaror
1414,Tunde Apalowo
1415,Peter Sullivan
1416,Axelle Laffont
1417,Daniel Oriahi
1418,Stefano Mordini
1419,Hayden Guppy
1420,Stéphane de Freitas
1421,André Odendaal
1422,Johan Vorster
1423,Cassia Dian
1424,Amro Salah
1425,Sue Ding
1426,Gina Prince-Bythewood
1427,Wouter Bouvijn
1428,Bryn Evans
1429,Cristina Costantini
1430,Kareem Tabsch
1431,Hannah Fidell
1432,Chris Renaud
1433,Kyle Balda
1434,Scott Zabielski
1435,Coodie
1436,Chike
1437,QLF
1438,Sachin Kundalkar
1439,Puri Jagannadh
1440,Vishal Mahadkar
1441,Karan Johar
1442,Zoya Akhtar
1443,Anthony D'Souza
1444,Soumendra Padhi
1445,Fuwad Khan
1446,Nishikant Kamat
1447,Krish
1448,Kabir Sadanand
1449,Rachit Kusonkoonsiri
1450,Shoojit Sircar
1451,Omung Kumar
1452,Umesh Shukla
1453,Devika Bhagat
1454,Takashi Doscher
1455,Shubham Singh
1456,Abbas Alibhai Burmawalla
1457,Mastan Alibhai Burmawalla
1458,Luv Ranjan
1459,Vikas Bahl
1460,Neeraj Pandey
1461,Aanand Rai
1462,Gurmmeet Singh
1463,LP
1464,Rako Prijanto
1465,Raoul Peck
1466,Shirley Frimpong-Manso
1467,Fabio Ock
1468,Joana Mazzucchelli
1469,Sabina Fedeli
1470,Anna Migotto
1471,Kyran Kelly
1472,Salvador Calvo
1473,Cem Yılmaz
1474,Bruce Beresford
1475,Michael Duggan
1476,Almudena Carracedo
1477,Robert Bahar
1478,Paul Verhoeven
1479,Younuts!
1480,Obi Emelonye
1481,Daniel Effiong
1482,Abhijit Panse
1483,Rachel Griffiths
1484,David Dobkin
1485,Oluseyi Asurf
1486,Eduardo Roy Jr.
1487,Ravikanth Perepu
1488,Sooraj R. Barjatya
1489,Bonni Cohen
1490,Jon Shenk
1491,Anvita Dutt
1492,Gaspar Antillo
1493,Eric Notarnicola
1494,Musthafa
1495,Ishaya Bako
1496,Kate Mulleavy
1497,Laura Mulleavy
1498,Akhigbe Ilozobhie
1499,Apurva Dhar Badgaiyann
1500,Elissa Down
1501,Guillaume Pierret
1502,Olivier Assayas
1503,Junichi Sato
1504,Tomotaka Shibayama
1505,Pablo Aulita
1506,Manatsanun Phanlerdwongsakul
1507,Georges Hachem
1508,Peter Lepeniotis
1509,Jim Hosking
1510,Paco Aguilar
1511,Greg McLean
1512,Juan José Campanella
1513,A. Raajdheep
1514,Pidi Baiq
1515,Nicholas Kharkongor
1516,Michael McKay
1517,Kitaro Kosaka
1518,Ali F. Mostafa
1519,Ayman Makram
1520,George Gallo
1521,Ry Russo-Young
1522,Barbara Białowąs
1523,Tomasz Mandes
1524,Akhil Paul
1525,Anas Khan
1526,Kanika Batra
1527,Michael Cristofer
1528,Mohamed Khan
1529,Adriana Trigiani
1530,Phil Sgriccia
1531,Andaç Haznedaroğlu
1532,Murat Kepez
1533,Greta Gerwig
1534,Sam Rega
1535,Wael Ehsan
1536,Inas El-Degheidy
1537,Ahmed Al-Badry
1538,Sameh Abdulaziz
1539,Wael Ihsan
1540,Izidore K. Musallam
1541,Sherif Arafa
1542,Yasir Al Yasiri
1543,Safdar Rahman
1544,Tomas Brickhill
1545,Hani Al-Shaibani
1546,Mamoru Hosoda
1547,James Franco
1548,Niall Johnson
1549,Michael Damian
1550,Ahmed Zain
1551,Angshuman Ghosh
1552,Ahmed Zein
1553,Alejandro Montiel
1554,Fernando Frías de la Parra
1555,Madeleine Parry
1556,Yu Yang
1557,Jesse Warn
1558,Josh Safdie
1559,Benny Safdie
1560,Hiromasa Yonebayashi
1561,Yoshiyuki Momose
1562,Akihiko Yamashita
1563,Michael Showalter
1564,Norm Hiscock
1565,Gary Howsam
1566,Mike Smith
1567,John Paul Tremblay
1568,Robb Wells
1569,Almunsif Alsuwaisi
1570,Fouad Al Shatti
1571,Fouad El-Mohandes
1572,Andrés Feddersen
1573,Samir Al Asfory
1574,Hussein Kamal
1575,Hassan AbdulSalam
1576,Houssam El-Din Mustafa
1577,Muhammad Fadl
1578,Hany Motawie
1579,Lonzo Nzekwe
1580,Alex Timbers
1581,Sam Wrench
1582,Rebecca Johnson
1583,Carlos Morett
1584,Megha Ramaswamy
1585,Saeed Hamed
1586,Ali Ragab
1587,Ahmad El-Badri
1588,Marcus Raboy
1589,Haifaa Al-Mansour
1590,Mohammed Alhmly
1591,Lucien Bourjeily
1592,Laura Mañá
1593,Sivaroj Kongsakul
1594,Salmeen AlMurry Amer
1595,Mohit Suri
1596,Obaid Alhmoudi
1597,Adekunle Nodash Adejuyigbe
1598,Sadeq Behbehani
1599,Dylan Mohan Gray
1600,Hussein El Ansary
1601,Claire Scanlon
1602,Vipul Amrutlal Shah
1603,Donick Cary
1604,Will Forbes
1605,Francesco Amato
1606,Damien Chazelle
1607,Houda Benyamina
1608,Laïla Marrakchi
1609,Alan Poul
1610,S.A. Zaidi
1611,Hamad AlSarraf
1612,He Xiaofeng
1613,Nadia Hallgren
1614,Pedro Flores Maldonado
1615,Joe DeMaio
1616,Aaron Woodley
1617,Lucas Margutti
1618,Ashok Nanda
1619,Hernán Guerschuny
1620,Alex Ranarivelo
1621,Seth Barrish
1622,Brett Hedlund
1623,Joe Robert Cole
1624,Michelle Esrick
1625,Olivier Abbou
1626,Jeffrey Schwarz
1627,Craig Freimond
1628,Shirish Kunder
1629,Mysskin
1630,Alice Wu
1631,Joey So
1632,Dennie Gordon
1633,Michael M. Scott
1634,Sion Sono
1635,David Chuang
1636,Chen Kuan-chung
1637,Chris Bolan
1638,Omoni Oboli
1639,Saravana Rajan
1640,Sırrı Süreyya Önder
1641,Sermiyan Midyat
1642,Ahmed Yousry
1643,Hazem Fouda
1644,Handan İpekçi
1645,Ferzan Özpetek
1646,Ashraf Fayeq
1647,Paul Munger
1648,Matei Dima
1649,Jonathan Augustin
1650,Venky Kudumula
1651,Amr Arafa
1652,Michel Hazanavicius
1653,Ahmed Saleh
1654,Ahmed Medhat
1655,Mohamed Yassin
1656,Chakri Toleti
1657,Neville Shah
1658,Upi Avianto
1659,Yoon Sung-hyun
1660,Rachel Mason
1661,Patryk Vega
1662,Marc Vigil
1663,Ryan Polito
1664,Anoop Sathyan
1665,Müfit Can Saçıntı
1666,Cüneyt Kaya
1667,Greg Barker
1668,Leticia Jorge Romero
1669,Adrien Lagier
1670,Ousmane Ly
1671,Ethan Coen
1672,Joel Coen
1673,Jon M. Chu
1674,Diego Pignataro
1675,Ian Edelman
1676,Ali Yorgancıoğlu
1677,Digo Ricio
1678,Emcy Joseph
1679,Kranthi Madhav
1680,Matt D'Elia
1681,Jeff Chan
1682,Dean Craig
1683,Grand Corps Malade
1684,Mehdi Idir
1685,Jay Karas
1686,Stefano Lodovichi
1687,Alan Yang
1688,Perci Intalan
1689,M. Night Shyamalan
1690,Chris Robinson
1691,Eddie Mensore
1692,Sean Baker
1693,Padraig Reynolds
1694,Yorgos Lanthimos
1695,Michael Dowse
1696,Pablo Lejarreta
1697,Armando Iannucci
1698,Akira Saitoh
1699,Haruka Fujita
1700,Mukul Anand
1701,Karan Malhotra
1702,David Batra
1703,Jon Rudberg
1704,Tarun Mansukhani
1705,Ramesh Talwar
1706,Mahesh Bhatt
1707,Raj Khosla
1708,Punit Malhotra
1709,Soham Shah
1710,Nikkhil Advani
1711,Shakun Batra
1712,Anirban Majumder
1713,Alka Amarkant Dubey
1714,Prakash Mehra
1715,Anand Ravichandran
1716,Richard Claus
1717,Karsten Kiilerich
1718,Floria Sigismondi
1719,Renzil D'Silva
1720,Fritz Böhm
1721,Ravishankar Venkateswaran
1722,Vijay S. Bhanushali
1723,David Hunt
1724,Stephen S. Campanelli
1725,Rakesh Ranjan Kumar
1726,Sam Irvin
1727,Gary Stretch
1728,Desingh Periyasamy
1729,Neeraj Udhwani
1730,Patrice Laliberté
1731,Ellen Page
1732,Ian Daniel
1733,Prentice Penny
1734,Zsolt Pálfi
1735,Nawapol Thamrongrattanarit
1736,Marlene Melchior
1737,Aaron Lieber
1738,Tamas Yvan Topolanszky
1739,Àlex Pastor
1740,David Pastor
1741,Rami Hachache
1742,Francisco Macri
1743,Gabriela García Rivas
1744,Eric Goode
1745,Rebecca Chaiklin
1746,Francesco Lettieri
1747,John Suits
1748,Takeru Nakajima
1749,Yoshiyuki Okada
1750,Susan Walter
1751,Masaaki Yuasa
1752,Pierre Deschamps
1753,Jeff Tomsic
1754,Scot Armstrong
1755,Naman Nitin Mukesh
1756,Lynn Novick
1757,Navjot Gulati
1758,Stephanie Zwane
1759,Owen Trevor
1760,Stephanie Turner
1761,Liz Garbus
1762,Mehmet Ada Öztekin
1763,Jos Humphrey
1764,Sharmeen Obaid-Chinoy
1765,Toyin Abraham
1766,Ruchi Narain
1767,Christophe Charrier
1768,Daniel Calparsoro
1769,Trivikram Srinivas
1770,Kittiphak Thonguam
1771,Cristi Puiu
1772,Sebastian Jones
1773,Ramez Silyan
1774,Carlos Sedes
1775,Adam B. Stein
1776,Zach Lipovsky
1777,Athiyan Athirai
1778,Zuko Nodada
1779,Madonna
1780,Milton Horowitz
1781,Sneha Taurani
1782,Momoko Kamiya
1783,Matthew Ross
1784,Lee Kirk
1785,Ziggy Hofmeyr
1786,Gustavo Ron
1787,Yacine Belhousse
1788,Sam Dunn
1789,Kunihiko Yuyama
1790,Motonori Sakakibara
1791,Ali Kalthami
1792,Meshal Aljaser
1793,Mohamed al Salman
1794,Faisal al Amer
1795,Tolu Awobiyi
1796,Oyefunke Fayoyin
1797,Jason Orley
1798,Robert Eagar
1799,Travis Stevens
1800,Mick Grogan
1801,Nora Fingscheidt
1802,Jeethu Joseph
1803,Dee Rees
1804,Sooni Taraporevala
1805,Linda Korsten
1806,Tom Barton-Humphreys
1807,Angelina Jolie
1808,R.J. Daniel Hanna
1809,Paco Cabezas
1810,Peter Billingsley
1811,Jason Zada
1812,Avgousta Zourelidi
1813,Richard Phelan
1814,Will Becher
1815,Rod Cabatana Marmol
1816,Michał Tylka
1817,Oliver Kienle
1818,Brian Webber
1819,Takashi Yamazaki
1820,Ryuichi Yagi
1821,Makoto Hanafusa
1822,Pantham Thongsang
1823,Cheewatan Pusitsuksa
1824,Paul Krüger
1825,Anél Stolp
1826,Andres Clariond
1827,Andrew Dean
1828,Lars Klevberg
1829,Lukasz Kosmicki
1830,Shanavas K. Bavakutty
1831,Kwabena Gyansah
1832,Jeff Baena
1833,Kumaran
1834,Jared Moshé
1835,Austin Peck
1836,Anneliese Vandenberg
1837,James Bamford
1838,Julia Willoughby Nason
1839,Jenner Furst
1840,Nate Adams
1841,Adam Carolla
1842,Ivan Silvestrini
1843,Robert Krantz
1844,Gregory Jacobs
1845,Alfonso Cortés-Cavanillas
1846,Xavier Manrique
1847,Richard Gabai
1848,Alfons Adetuyi
1849,Thomas Astruc
1850,Erwin van den Eshof
1851,G.J. Echternkamp
1852,Hikari
1853,Jean-Claude Flamand-Barny
1854,Lana Wilson
1855,Shannon Hartman
1856,David Oelhoffen
1857,Ramesh Sippy
1858,Ajay Bhuyan
1859,Josh Z. Weinstein
1860,Joshua Z. Weinstein
1861,Chung Mong-hong
1862,Johnny Breedt
1863,César Rodrigues
1864,Quek Shio-chuan
1865,Pablo Stoll
1866,Juan Pablo Rebella
1867,Krysia Plonka
1868,Madhumita
1869,Debamitra Biswal
1870,David Lynch
1871,Tyler Perry
1872,Caryn Waechter
1873,Tim Hill
1874,Numa Perrier
1875,Brian Helgeland
1876,Danny Boyle
1877,Rima Das
1878,Paco Plaza
1879,Andrew Goth
1880,William Kaufman
1881,David Benioff
1882,D.B. Weiss
1883,Steve Boettcher
1884,Mikhil Musale
1885,Tom Green
1886,David Lowery
1887,Maria Ripoll
1888,Yibrán Asuad
1889,Edwin
1890,Vadim Jean
1891,Mark A.Z. Dippé
1892,Kyung Ho Lee
1893,Eondeok Han
1894,John A. Davis
1895,Justin Webster
1896,Tetsuo Yajima
1897,John Lyde
1898,Steve Rash
1899,Ravi Babu
1900,Soumitra Ranade
1901,Jon Rosenbaum
1902,Bruce Leddy
1903,Yuki Yamato
1904,Andrew Wessels
1905,Emir Kusturica
1906,Odunlade Adekola
1907,Elisa Fuksas
1908,Lee Toland Krieger
1909,Akiyuki Shinbo
1910,Nobuyuki Takeuchi
1911,Ron Oliver
1912,Shojiro Nishimi
1913,Guillaume Renard
1914,Pepe Bojórquez
1915,Rhys Thomas
1916,David M. Rosenthal
1917,Louise Alston
1918,Sunkanmi Adebayo
1919,Falz
1920,Frank Rajah Arase
1921,Fernando Meirelles
1922,Rodrigo Reyes
1923,Mark Lewis
1924,Sebastian DiNatale
1925,Nuhash Humayun
1926,Syed Ahmed Shawki
1927,Rahat Rahman
1928,Robiul Alam Robi
1929,Golam Kibria Farooki
1930,Mir Mukarram Hossain
1931,Tanvir Ahsan
1932,Mahmudul Islam
1933,Abdullah Al Noor
1934,Krishnendu Chattopadhyay
1935,Syed Saleh Ahmed Sobhan
1936,Karan Anshuman
1937,Farhan Akhtar
1938,Mrighdeep Singh Lamba
1939,Tsutomu Mizushima
1940,Reema Kagti
1941,Jadesola Osiberu
1942,Vijay Lalwani
1943,Abhishek Kapoor
1944,Michael Bay
1945,Biodun Stephen
1946,Ding-Lin Wang
1947,Richard van't Riet
1948,Shonali Bose
1949,Lance Bangs
1950,Robbie Countryman
1951,Trey Edward Shults
1952,Sujeeth
1953,Alexandre Avancini
1954,Noah Baumbach
1955,Atsuko Ishizuka
1956,Eric Aghimien
1957,Michel Tikhomiroff
1958,Robert Kenner
1959,Taki Oldham
1960,John Schultz
1961,Linda Mendoza
1962,Michelle Johnston
1963,Vijay Kumar Arora
1964,Matt Shakman
1965,Mikhail Red
1966,Pankaj Batra
1967,Serge Ou
1968,Navaniat Singh
1969,Gaurav Bavdankar
1970,Jagdeep Sidhu
1971,Tanawat Aiemjinda
1972,Mukesh Vohra
1973,Syrine Boulanouar
1974,Nekfeu
1975,Tudor Giurgiu
1976,Ignacio Jaunsolo
1977,Abhishek Sharma
1978,Mati Diop
1979,Jérémy Clapin
1980,Mandla Dube
1981,Mike Ezuruonye
1982,Cheta Chukwu
1983,Roger Russell
1984,Edward Zwick
1985,Basava Shankar Eeday
1986,Elle-Máijá Tailfeathers
1987,Kathleen Hepburn
1988,Sanjiv Jaiswal
1989,Marta Jaenes
1990,Rosa Márquez
1991,Julien Abraham
1992,Monika Mitchell
1993,Eva Orner
1994,KVR Mahendra
1995,Juan Carlos Rulfo
1996,Raj R
1997,Steve Paley
1998,Timo Vuorensola
1999,Robb Dipple
2000,Eli Roth
2001,Wash Westmoreland
2002,Alessandro Angulo
2003,Mauro Scandolari
2004,Arjun Jandyala
2005,Shashanka Ghosh
2006,Samit Basu
2007,Naoko Yamada
2008,Sergio Pablos
2009,Valli Bindana
2010,Makoto Shinkai
2011,Gautier & Leduc
2012,Christopher Storer
2013,Josh Aronson
2014,Luke Snellin
2015,Xavier Durringer
2016,Pawan Kumar
2017,Phillip Youmans
2018,Zhang Yimou
2019,Neal Brennan
2020,Azazel Jacobs
2021,Jung Ji-woo
2022,Matt D'Avella
2023,Parthiban
2024,Scott McAboy
2025,Raymie Muzquiz
2026,Stu Livingston
2027,Joe Menendez
2028,Eric Bross
2029,Will Eisenberg
2030,Marina Seresesky
2031,Kenny Leon
2032,Harvey Lowry
2033,James Dearden
2034,Drea Cooper
2035,Zackary Canepari
2036,Michael A. Nickles
2037,Blayne Weaver
2038,David Michôd
2039,Marco Bonfanti
2040,Everardo González
2041,Rodrigo Guardiola
2042,Gabriel Cruz Rivas
2043,Juani Libonatti
2044,DJ Chen
2045,Park Joon-hwa
2046,Saravana Rajendran
2047,Matt Kay
2048,Craig Brewer
2049,Billy Lyons
2050,Michael Steed
2051,Zak Hilditch
2052,Michael Steiner
2053,Andrew Slater
2054,Glen Goei
2055,Gavin Yap
2056,Huw Cordey
2057,Yuen Woo-ping
2058,Gillian Robespierre
2059,Thomas Vinterberg
2060,Ciarán Foy
2061,Daniel Sánchez Arévalo
2062,Don Omope
2063,Ed Perkins
2064,Steven Soderbergh
2065,Udai Singh Pawar
2066,Guntur Soeharjanto
2067,Bassam Tariq
2068,Leslie Iwerks
2069,Louie Psihoyos
2070,Ahmet Katıksız
2071,Jean-François Blais
2072,Leïla Sy
2073,Kery James
2074,Vince Gilligan
2075,Bolanle Austen-Peters
2076,Dennis Rovira van Boekholt
2077,Naoto Amazutsumi
2078,Jenny Gage
2079,Kaila York
2080,Vandana Kataria
2081,Onur Bilgetay
2082,Vincenzo Natali
2083,Tugçe Soysop
2084,Jacob Joice
2085,Luis Javier Henaine
2086,Anand Kamalakar
2087,Lee Yoon-jung
2088,Roy Poortmans
2089,Vrinda Samartha
2090,Nicholaus Goossen
2091,Stig Bergqvist
2092,Paul Demeyer
2093,Igor Kovalyov
2094,Norton Virgien
2095,Danny Cannon
2096,Mana Yasuda
2097,Gupse Özay
2098,Jim Mickle
2099,Jumpei Mizusaki
2100,Koji Morimoto
2101,Michael Arias
2102,Arthell Isom
2103,Henry Thurlow
2104,Takanobu Mizuno
2105,Elsa Nakamichi
2106,Hajime Sasaki
2107,Shinji Takagi
2108,Mangesh Hadawale
2109,Wong Kar Wai
2110,Otilia Portillo Padua
2111,Michael J. Bassett
2112,Rahul Ravindran
2113,Archie Borders
2114,Deepti Naval
2115,Scott Aukerman
2116,Mariano Barroso
2117,Kiko Cruz Claverol
2118,Patricia Font
2119,Sandeep Reddy Vanga
2120,Randall Lobb
2121,Alex Stapleton
2122,Teng Huatao
2123,Nzingha Stewart
2124,Orlando von Einsiedel
2125,Anubhav Sinha
2126,Maha Venkatesh
2127,Tharun Bhascker
2128,Farhan Alam
2129,A. L. Vijay
2130,Petra Costa
2131,Hayato Date
2132,Lea Glob
2133,Rémy Four
2134,Julien War
2135,Alejandro Fernández Almendras
2136,Jota Linares
2137,Wagner de Assis
2138,White Trash Tyler
2139,Stan Lathan
2140,Yeung Yat-Tak
2141,Rai Yuvraj Bains
2142,Sunil Thakur
2143,Muh Chen
2144,Saurabh Sinha
2145,Ashwin Saravanan
2146,Julia Knowles
2147,Tarsem Singh
2148,Kepa Sojo
2149,Cho Li
2150,Chen Hung-yi
2151,Liu Bang-yao
2152,Lin Guan-fu
2153,Shen Chi
2154,YC Tom Lee
2155,Manu Ashokan
2156,Anita Udeep
2157,Vlad Yudin
2158,Alberto Arnaut Estrada
2159,Robert Moresco
2160,Aadish Keluskar
2161,Joe Murray
2162,Cosmo Segurson
2163,Jesse Moss
2164,Shin Won-ho
2165,Sujoy Ghosh
2166,John Asher
2167,Alex Burunova
2168,Jesús Torres Torres
2169,Camille Shooshani
2170,Vijay Kumar
2171,Phanindra Narsetti
2172,Gideon Raff
2173,Jorge M. Fontana
2174,Olivier Afonso
2175,Karim Amer
2176,Jehane Noujaim
2177,Jay Chapman
2178,Demetri Martin
2179,Dante Lam
2180,Chi Keung Fung
2181,Corey Yuen
2182,Patrick Leung
2183,To-hoi Kong
2184,Frank Ariza
2185,Jerry Seinfeld
2186,Aditya Sarpotdar
2187,Nisheeta Keni
2188,Daniel Gray Longino
2189,Gerardo Olivares
2190,Wi Ding Ho
2191,Joe Lynch
2192,Andreas Pichler
2193,Daniel Arasanz
2194,Spike Jonze
2195,Marcelo Altmark
2196,Mariano Mucci
2197,Luis A. Scalella
2198,Hernán Zin
2199,Sittisiri Mongkolsiri
2200,Robbie Grewal
2201,Thiagarajan Kumararaja
2202,Kate Horne
2203,Roberto Girault Facha
2204,Svati Chakravarty Bhatkal
2205,Kevin Bray
2206,Jesse Johnson
2207,Miguel Cohan
2208,Luis Alberto Restrepo
2209,Andrés Beltrán
2210,Jaime Rayo
2211,Hideaki Anno
2212,Kazuya Tsurumaki
2213,Abhijit Kokate
2214,Srivinay Salian
2215,Antonin Baudry
2216,Jon Watts
2217,Jakob Lass
2218,John Haptas
2219,Kristine Samuelson
2220,Sanjay Jadhav
2221,Vinod Kapri
2222,Elías León
2223,Kyle Newacheck
2224,Mark Ritchie
2225,Rocky Soraya
2226,Federico Veiroj
2227,Isabel Coixet
2228,Grant Sputore
2229,Juan Antin
2230,Hanno Olderdissen
2231,Amar Kaushik
2232,Eva Trobisch
2233,Mathieu Auvray
2234,Limbert Fabian
2235,Brandon Oldenburg
2236,Datta Mohan Bhandare
2237,Sanjib Dey
2238,Daniel Yee Heng Chan
2239,Rakeysh Omprakash Mehra
2240,Han Han
2241,Jang Jae-hyun
2242,Sudabeh Mortezai
2243,Richard Shepard
2244,Mike Diva
2245,Akiva Schaffer
2246,Trisha Ziff
2247,Diego Enrique Osorno
2248,Pedring A. Lopez
2249,Sam Cullman
2250,Francesco Imperato
2251,Stefon Bristol
2252,Kate Melville
2253,Aditya Vikram Sengupta
2254,Mandie Fletcher
2255,Aijaz Khan
2256,Gonzalo López-Gallego
2257,Abby Epstein
2258,Hepi Mita
2259,Che Sandoval
2260,Jean-Bernard Marlin
2261,Yee Tung-Shing
2262,Yen Cheng-kuo
2263,Alex Parkinson
2264,Richard da Costa
2265,Frant Gwo
2266,Hao Wu
2267,Felipe Cano
2268,Gabriela Tagliavini
2269,Lee Jeong-beom
2270,William Bindley
2271,Manav Shah
2272,Michael Epstein
2273,Rachel Lears
2274,Syamsul Yusof
2275,Mangesh Kanthale
2276,Herman Yau
2277,Dar Gai
2278,Sathyan Anthikad
2279,Brian Oakes
2280,Bille August
2281,Fab Five Freddie
2282,Sandra Restrepo
2283,Sarthak Dasgupta
2284,Jennifer Kaytin Robinson
2285,Renato De Maria
2286,Alan Rickman
2287,Ulises Valencia
2288,Beyoncé Knowles-Carter
2289,Richard Curtis
2290,Suparn Verma
2291,Anant Balani
2292,Soukarya Ghosal
2293,Leena Yadav
2294,Amitabha Singh
2295,Hasan Karacadağ
2296,Chris Nelson
2297,Lee Kyoungmi
2298,Yim Pilsung
2299,Jeon Go-woon
2300,Kim Jong-kwan
2301,John R. Leonetti
2302,Jeremiah Jones
2303,Brie Larson
2304,Anggy Umbara
2305,Shelly Chopra Dhar
2306,Shanjey Kumar Perumal
2307,Tianyu Zhao
2308,Shazia Ali Khan
2309,Erik White
2310,Owen Egerton
2311,"Sam ""Blitz"" Bazawule"
2312,Swapnaneel Jayakar
2313,Kyzza Terrazas
2314,John Lee Hancock
2315,Theo Love
2316,Awi Suryadi
2317,Raj Babu
2318,Javier Ruiz Caldera
2319,Chanon Yingyong
2320,Phuwanit Pholdee
2321,Stuart Sender
2322,Wenn V. Deramas
2323,Joyce Bernal
2324,Maryo J. De los Reyes
2325,Karan Shivajirao Chavan
2326,Vikram Tanajirao Patil
2327,Amy Schumer
2328,Richard Loncraine
2329,Pia Sukanya
2330,Yann Gozlan
2331,Lukas Dhont
2332,Matthew McNeil
2333,Frank W Chen
2334,Olivia M. Lamasan
2335,J.C. Chandor
2336,Brian Klein
2337,Ibrahim Bin Mohamed
2338,Hasan Aljaberi
2339,Clark Johnson
2340,Emmanuel Mouret
2341,Conor Allyn
2342,Nuel Naval
2343,Keoni Waxman
2344,Isao Yukisada
2345,A.R. Murugadoss
2346,Fritz Ofner
2347,Nottapon Boonprakob
2348,Xavier Gens
2349,Jonathan A. Rosenbaum
2350,Franck Phelizon
2351,Peter Howitt
2352,Chiwetel Ejiofor
2353,Rodrigo Salomón
2354,Pietro Scappini
2355,Miguel Ángel Vivas
2356,Carlos Vermut
2357,Sridhar Rangayan
2358,Michael Blieden
2359,Pawan K Shrivastava
2360,Mar Targarona
2361,Aruna Raje
2362,Alex Lehmann
2363,Elisabeth Vogler
2364,Parambrata Chatterjee
2365,Woo Min-ho
2366,Paul Miller
2367,Michael Del Monte
2368,Suseenthiran
2369,Kevin MacDonald
2370,Matt Tyrnauer
2371,Prasanth Varma
2372,Gangadhar Salimath
2373,Daniel J. Clark
2374,Marcelo Galvão
2375,Shanawaz Nellikunnil
2376,Lars Kaalund
2377,Hari Nath
2378,Tanuja Chandra
2379,Jackie van Beek
2380,Madeleine Sami
2381,Sachin Kamlakar Khot
2382,Daniel Monzón
2383,Rayka Zehtabchi
2384,Tom Stern
2385,Kelly Duane de la Vega
2386,Julio Medem
2387,Johnny Kevorkian
2388,Amshan Kumar
2389,Adam Davis
2390,Jerry Kolber
2391,Trey Nelson
2392,Erich Sturm
2393,Rick Morales
2394,Michael D. Black
2395,Dan Gilroy
2396,Mamat Khalid
2397,Amarjit Virdi
2398,Nishil Sheth
2399,Byun Hyuk
2400,Zoe Berriatúa
2401,Adam Bhala Lough
2402,Faozan Rizal
2403,Mansore
2404,Kuntz Agus
2405,Meisa Felaroze
2406,Jerrold Tarog
2407,Laura Alvea
2408,José Ortuño
2409,Gastón Duprat
2410,Andy Caballero
2411,Diego Corsini
2412,Seren Yüce
2413,Jonathan Helpert
2414,André D'Elia
2415,Skye Borgman
2416,Hashim Nadeem Khan
2417,Feroz
2418,Syed Atif Ali
2419,Lee Seung-won
2420,Rik Reinholdtsen
2421,Gauravv K Chawla
2422,Bent-Jorgen Perlmutt
2423,Hugo Stuven
2424,Greg Pritikin
2425,Kobun Shizuno
2426,Hiroyuki Seshita
2427,Kunal Kohli
2428,Noor Imran Mithu
2429,Nonzee Nimibutr
2430,Ísold Uggadóttir
2431,Lorena Munoz
2432,Genevieve Nnaji
2433,Terry Gilliam
2434,Terry Jones
2435,Yanyong Kuruaungkoul
2436,Lenin Bharathi
2437,Ranjit Jeyakodi
2438,Ram
2439,John Fortenberry
2440,Chris Bould
2441,Kevin Booth
2442,David Johndrow
2443,Paul M. Green
2444,Julio Fernández Talamantes
2445,Walter C. Miller
2446,Noriyuki Abe
2447,Ellen Brown
2448,Matt Askem
2449,Rob Zombie
2450,Álvaro Brechner
2451,Rakesh Mehta
2452,Eduardo Chauvet
2453,Gonzalo Bendala
2454,Noam Murro
2455,Kheiron
2456,Susanne Bier
2457,Irek Dobrowolski
2458,Gilbert Chan
2459,Rarecho
2460,Steve Cheng
2461,Sam Loh
2462,Jason Lai
2463,Samit Kakkad
2464,Tig Notaro
2465,Prasobh Vijayan
2466,Sriram Raghavan
2467,Elaine Bogan
2468,John Sanford
2469,Michael Cuesta
2470,David Cronenberg
2471,Thom Zimny
2472,James Marsh
2473,Sean Olson
2474,Sigrid Andrea Bernardo
2475,Guillermo de Oliveira
2476,Manoj Beedha
2477,Alfonso Cuarón
2478,John Hoffman
2479,Nanfu Wang
2480,Marco Risi
2481,Anne Fletcher
2482,Marek Losey
2483,Andy Serkis
2484,Mat King
2485,Bert Marcus
2486,Ahsan Rahim
2487,Andrew Lau Wai-Keung
2488,Cheang Pou Soi
2489,Enrique García Meza
2490,Katarina Launing
2491,Johnnie To
2492,Lawrence Cheng
2493,Prakash Balwant Saini
2494,Nam Ron
2495,Baljit Singh Deo
2496,Leung Lok Man
2497,Luk Kim-ching
2498,Jazz Boon
2499,Felix Chong
2500,Dhanush
2501,Gary Mak
2502,Liu Jiang
2503,Joseduardo Giordano
2504,Sergio Goyri Jr.
2505,Alice Rohrwacher
2506,Nandita Das
2507,Romain Gavras
2508,Sebastián Hofmann
2509,Denny Lu
2510,Mike Myhre
2511,Clay Kaytis
2512,Fernando Colomo
2513,Robert Vince
2514,Raditya Dika
2515,David Paul Meyer
2516,Daniel Goldhaber
2517,Fred Cavayé
2518,V C Abhilash
2519,Nila Madhab Panda
2520,Timo Tjahjanto
2521,Nakul Singh Sawhney
2522,Nishanth Ravindaran
2523,Jathin Sanker Raj
2524,Swapna Waghmare Joshi
2525,Erik Matti
2526,Christopher Guest
2527,Vincent Kok
2528,Christian Zübert
2529,David Mackenzie
2530,Tejas Prabha Vijay Deoskar
2531,Matheus Souza
2532,Sara Dosa
2533,Bradley Walsh
2534,Orson Welles
2535,Morgan Neville
2536,Indrajit Nattoji
2537,Raj Kumar Gupta
2538,Remo D'Souza
2539,Arnab Chaudhuri
2540,Rana Ranbir
2541,Kookie V. Gulati
2542,Vivek Agnihotri
2543,Habib Faisal
2544,Bobby Roth
2545,Halder Gomes
2546,Amitoj Mann
2547,B. Unnikrishnan
2548,Madhur Bhandarkar
2549,Sajid Khan
2550,Saji Surendran
2551,Ksshitij Chaudhary
2552,Sundar C.
2553,Gary Binkow
2554,Nikhil Advani
2555,Navinder Pal Singh
2556,Kunal Deshmukh
2557,R. Kannan
2558,Gaurav Narayanan
2559,Kevin Layne
2560,Jennifer M. Kroot
2561,Akin Omotoso
2562,Dani de la Torre
2563,Tinge Krishnan
2564,Aleksey German
2565,Sergio Barrejón
2566,Sandi Tan
2567,Vijay Yelakanti
2568,S.S. Rajamouli
2569,Joanna Lombardi
2570,Bruno Ascenzo
2571,Kim Jee-woon
2572,Rajesh Touchriver
2573,David Lam
2574,Thiru
2575,Tom Forrest
2576,Anik Datta
2577,Shaad Ali
2578,Gareth Evans
2579,Paul Urkijo Alijo
2580,Johanna Demetrakas
2581,Padraic McKinley
2582,Rizal Mantovani
2583,Rusty Cundieff
2584,Darin Scott
2585,Kabir Bhatia
2586,Chris Eigeman
2587,Olaf de Fleur
2588,Tamara Jenkins
2589,Kavi Raz
2590,Nick Simon
2591,Eric Idle
2592,Aubrey Powell
2593,Anthony Giordano
2594,Will Yapp
2595,Terry Hughes
2596,Ian MacNaughton
2597,Roger Graef
2598,James Rogan
2599,Albert Sharpe
2600,Simranjit Singh Hundal
2601,N. Linguswamy
2602,Deep Joshi
2603,Manjeet Maan
2604,Shagufta Rafique
2605,Tinu Pappachan
2606,Amarpreet G S Chabbra
2607,Paresh Mokashi
2608,Rohit Jugraj
2609,Atharv Baluja
2610,Vishal Bhardwaj
2611,Puneet Sira
2612,Aziz Mirza
2613,Sameer Sharma
2614,Chandan Arora
2615,Rajan Madhav
2616,Raaghav Dar
2617,Ishi Rudell
2618,David Lee Miller
2619,Amit Saxena
2620,Jaivi Dhanda
2621,Suman Ghosh
2622,Kabir Khan
2623,Akshay Akkineni
2624,Nidhi Sharma
2625,Vipin Parashar
2626,Vikram Pradhan
2627,Vijay
2628,Sartaj Singh Pannu
2629,Ayaan Mukherji
2630,Sidharth Malhotra
2631,Saket Behl
2632,Anjum Shahzad
2633,Ken Kwapis
2634,Monique Gardenberg
2635,Han Yan
2636,Jeremy Saulnier
2637,Kim A. Snyder
2638,Álvaro Longoria
2639,Anthony Byrne
2640,Rashida Jones
2641,Alan Hicks
2642,Ariel Vromen
2643,Nicole Holofcener
2644,Alessio Cremonini
2645,Joram Lürsen
2646,Madeleine Gavin
2647,Kevin R. Adams
2648,Joe Ksander
2649,Ian Samuels
2650,Franck Ribière
2651,Peter Ho
2652,Qaushiq Mukherjee
2653,Onir
2654,Jatla Siddartha
2655,Kanwal Sethi
2656,Samuel Jouy
2657,Shivam Nair
2658,Jordan Brady
2659,Todd Biermann
2660,Patrick Graham
2661,Mike Clattenburg
2662,Han Qing
2663,Atlee Kumar
2664,Ravi Udyawar
2665,R. Balki
2666,Shree Narayan Singh
2667,Manuel Martín Cuenca
2668,Susan Johnson
2669,Y. Joon Chung
2670,Rucha Humnabadkar
2671,Mike Newell
2672,Jake Szymanski
2673,Abhishek Varman
2674,Sabir Khan
2675,Nikhil Nagesh Bhat
2676,Xiaoxing Yi
2677,Yoshitaka Takeuchi
2678,Haoling Li
2679,Lauren Miller Rogen
2680,Nitesh Tiwari
2681,Khalid Mohamed
2682,Sanjay Leela Bhansali
2683,Prem Soni
2684,Prabhu Deva
2685,Mandeep Kumar
2686,Jesse Handsher
2687,Olivier Roland
2688,Pablo Giorgelli
2689,Ted Emery
2690,Tony Datis
2691,Raúl Campos
2692,Jan Suter
2693,Ben Young
2694,Kirby Dick
2695,Chris Jenkins
2696,Diego Cohen
2697,Lee Eung-bok
2698,Jody Hill
2699,Samu Fuentes
2700,Alexandre Espigares
2701,Scott L. Montoya
2702,Sam Voutas
2703,Raj Kaushal
2704,K.C. Bokadia
2705,Samir Soni
2706,Juan Antonio de la Riva
2707,Cyrus Saidi
2708,Shlok Sharma
2709,Yayo Herrero
2710,Matt Palmer
2711,Rodrigo Triana
2712,Federico D'Alessandro
2713,Seiji Mizushima
2714,Myriam Aziza
2715,Gerard Barrett
2716,Rene Liu
2717,Jon Olb
2718,Oded Raz
2719,Mariana Tschudi
2720,Héctor Gálvez
2721,Ramón Salazar
2722,Eduardo Mendoza de Echave
2723,Craig Johnson
2724,Jeffrey Walker
2725,Shadab Khan
2726,Nattawut Poonpiriya
2727,Felix Starck
2728,Norberto López Amado
2729,Alex Richanbach
2730,Brit McAdams
2731,Mercedes Cordova
2732,Hayao Miyazaki
2733,Anthony Abrams
2734,Adam Larson Broder
2735,Trey Borzillieri
2736,Barbara Schroeder
2737,Bobcat Goldthwait
2738,Dani Levy
2739,Sonny Mallhi
2740,Andrew Niccol
2741,Isabelle Nanty
2742,Rob Epstein
2743,Jeffrey Friedman
2744,Antonio Morabito
2745,Rene Bueno
2746,John Woo
2747,Patricia Ferreira
2748,Jimmy Henderson
2749,Devashish Makhija
2750,Amal Neerad
2751,Fluvio Iannuci
2752,Roly Santos
2753,Julius R. Nasso
2754,Lucas Figueroa
2755,Alfonso Rodríguez
2756,Guillermo Garcia
2757,David Cantolla
2758,Dito Montiel
2759,Vicente Villanueva
2760,Amit Roy
2761,Teddy Lussi-Modeste
2762,Dawn Porter
2763,Ben Shelton
2764,Curro Velázquez
2765,Robert Smigel
2766,Max Amini
2767,Jason Sussberg
2768,David Alvarado
2769,Célia Catunda
2770,Kiko Mistrorigo
2771,Rodrigo Eba
2772,Sang-ho Yeon
2773,Andy Fickman
2774,Olivia Milch
2775,David Sington
2776,Heather Walsh
2777,Pedro Coutinho
2778,Joshua Marston
2779,Eleonore Pourriat
2780,Peter Webber
2781,Peter Orton
2782,Marja Lewis Ryan
2783,Ryan Koo
2784,Hatem Khraiche
2785,Derek Peck
2786,Jennifer Morrison
2787,Hèctor Hernández Vicens
2788,Kader Aoun
2789,Abhay Chopra
2790,Diego Lerman
2791,Farah Khan
2792,Ananda Krishnan
2793,Amol Palekar
2794,Joe Miale
2795,Olivia Newman
2796,Jared Stern
2797,Lennart Ruff
2798,Dan Lucchesi
2799,Mijke de Jong
2800,Daryl Hannah
2801,Michael Larnell
2802,Advait Chandan
2803,Brandon Camp
2804,Alison Klayman
2805,Yoo Byung-jae
2806,Sunao Katabuchi
2807,Johan Brisinger
2808,Maria Sadowska
2809,Yang Woo-seok
2810,John L. Spencer
2811,Victor Cook
2812,Kazuya Murata
2813,Martin Zandvliet
2814,Uraaz Bahl
2815,Rick Benattar
2816,Ben Wallis
2817,Robin Aubert
2818,Mitch Gould
2819,Lars Büchel
2820,Amit Barot
2821,Carlo Padial
2822,Milind Dhaimade
2823,Hong-seon Kim
2824,Duncan Jones
2825,Hang-Jun Jang
2826,Fumihiko Sori
2827,Mariano Baez
2828,Stephanie Laing
2829,Anand Tiwari
2830,Roberta Grossman
2831,Sophie Sartain
2832,David Bruckner
2833,Tamta Gabrichidze
2834,Ari Sandel
2835,Julius Onah
2836,Ildiko Enyedi
2837,You-Jeong Chang
2838,Dan Forrer
2839,Selima Taibi
2840,Marty Callner
2841,Javier Ambrossi
2842,Javier Calvo
2843,David Wain
2844,Isaac Florentine
2845,Scott Moran
2846,Santiago Diaz
2847,Pablo Martin Farina
2848,Charles Stone III
2849,Matt Angel
2850,Suzanne Coote
2851,Chris Baugh
2852,Latif Faiziyev
2853,Umesh Mehra
2854,Rajiv Mehra
2855,Rhiannon Bannenberg
2856,David Mrnka
2857,Maya Forbes
2858,Choi Jin-seong
2859,Milind Rau
2860,Craig Elrod
2861,Jose Manuel Colón
2862,Yasuhiro Irie
2863,Alethea Jones
2864,Jay Baruchel
2865,Ludovic Bernard
2866,Noël Wells
2867,Patrick Brice
2868,Daniel Kontur
2869,Diego Kaplan
2870,Marco Deufemia
2871,Lydia Tenaglia
2872,Varun Narvekar
2873,Seth Henrikson
2874,Benson Lee
2875,Drew Heriot
2876,Joel Crawford
2877,Michael Barrett
2878,Evan Spiridellis
2879,Jeff Gill
2880,Leopoldo Aguilar
2881,Nana Ekvtimishvili
2882,Simon Gross
2883,Olivier Jean-Marie
2884,Myles Kane
2885,Josh Koury
2886,Shreyas Talpade
2887,Jon Alpert
2888,Ibai Abad
2889,Jim Gable
2890,Josh Wakely
2891,Jacob Kornbluth
2892,Alain Desrochers
2893,Go Koga
2894,Christian Charles
2895,Bronwen Hughes
2896,John Ridley
2897,Pali Yahya
2898,Alo Sarkar
2899,Iñaki Dorronsoro
2900,Ali Bin Matar
2901,Ali Samadi Ahadi
2902,D Ho
2903,Judah Friedlander
2904,Errol Morris
2905,Alex Israel
2906,Griffin Dunne
2907,Katherine Dieckmann
2908,Heidi Ewing
2909,Rachel Grady
2910,Jeremy Rush
2911,Reem Kherici
2912,Ranjit Tiwari
2913,David Stubbs
2914,Shakti Samanta
2915,Mahmoud al Massad
2916,Yesim Ustaoglu
2917,Lucy Cohen
2918,Mahmoud Sabbagh
2919,Borja Cobeaga
2920,David France
2921,Brandon Jones
2922,Geun-hyun Cho
2923,Carlos Therón
2924,Francesco Carrozzini
2925,Karen J. Lloyd
2926,Vibeke Idsøe
2927,Carlos Algara
2928,Alejandro Martinez-Beltran
2929,Jacob LaMendola
2930,Ritesh Batra
2931,Dylan Howitt
2932,Nabil Ayouch
2933,Louis J. Horvitz
2934,Warren P. Sonoda
2935,Álex de la Iglesia
2936,Chris Moukarbel
2937,Ana Lily Amirpour
2938,Michael Bonfiglio
2939,Yance Ford
2940,Fernando Lebrija
2941,Rodrigo Toro
2942,Francisco Schultz
2943,José Miguel Contreras
2944,Toshiyuki Kubooka
2945,Todd S. Yellin
2946,Mohammed Hussain
2947,Eli Craig
2948,Shammi Kapoor
2949,Florian Schnell
2950,Josh Izenberg
2951,Wynn Padula
2952,Mariano Cohn
2953,Gary Wang
2954,Raz Degan
2955,Israel Adrián Caetano
2956,Sarah Adina Smith
2957,Cate Shortland
2958,Adam Wingard
2959,Daniel Lindsay
2960,T.J. Martin
2961,Tommy Wirkola
2962,Jean-Claude La Marre
2963,Jorge Hernandez Aldana
2964,Will Canon
2965,Rob Silvestri
2966,Matthias Hoene
2967,Bryan Fogel
2968,Fabrice Du Welz
2969,John Butler
2970,Ali Scher
2971,Maz Jobrani
2972,Isaac Rentz
2973,Christopher Murray
2974,Claude Lelouch
2975,Vanessa Roth
2976,Jim Strouse
2977,Kasper Collin
2978,Fazila Allana
2979,Eric Abrams
2980,Agustí Villaronga
2981,Harry Chaskin
2982,Marti Noxon
2983,Stefan Brogren
2984,Pat Healy
2985,Nicolas Brossette
2986,Serdar Akar
2987,Lekh Tandon
2988,Doesjka van Hoogdalem
2989,Sushil Majumdar
2990,Geetu Mohandas
2991,Paulo Oriol
2992,Oskar Santos
2993,Bill D'Elia
2994,Brian Knappenberger
2995,Brent Bonacorso
2996,Roy Burdine
2997,Johnny Castuciano
2998,Jay Bulger
2999,Kip Andersen
3000,Keegan Kuhn
3001,Iginio Straffi
3002,Arun Chidambaram
3003,Caio Cobra
3004,Cal Seville
3005,Michael John Warren
3006,Chang-Min Lee
3007,Oren Uziel
3008,Manika Sharma
3009,Kimo Stamboel
3010,Jun-seong Kim
3011,Edward Cotterill
3012,Onur Tukel
3013,Jayaprakash Radhakrishnan
3014,Rob Meyer
3015,Anita Barbosa
3016,Ketan Mehta
3017,Daniel Wilner
3018,Alberto Rodríguez
3019,Joe Piscatella
3020,Rahul Dholakia
3021,Jean-Patrick Benes
3022,Lygia Barbosa da Silva
3023,Eliane Brum
3024,Kundan Shah
3025,So Yong Kim
3026,Alina Teodorescu
3027,Filip Renc
3028,Dylan Bank
3029,Daniel DiMauro
3030,Morgan Pehme
3031,Sean Foley
3032,Pierre Coré
3033,Liz Plonka
3034,Jeff Garlin
3035,Michael Barnett
3036,Jessica Yu
3037,K. Rajagopal
3038,Praveen Nischol
3039,Lucien Jean-Baptiste
3040,Sean Cisterna
3041,Sudhanshu Saria
3042,Dilip Mehta
3043,Isaki Lacuesta
3044,Isa Campo
3045,Kitty Green
3046,Evan Katz
3047,Gauri Shinde
3048,Oliver Schmitz
3049,Felix Herngren
3050,Måns Herngren
3051,Jill Bauer
3052,Ronna Gradus
3053,Fernando Coimbra
3054,Adam Leon
3055,Andrea Molaioli
3056,Marie Madinier
3057,Miguel Ángel Lamata
3058,Steven Brill
3059,Antonio Serrano
3060,Grant S. Johnson
3061,Ippsie Jones
3062,Joe Swanberg
3063,Louis C.K.
3064,Alexandre Reinecke
3065,Jamal Hill
3066,K. Ramanlal
3067,Maris Curran
3068,Avinash Arun
3069,Jason Spingarn-Koff
3070,A. Salaam
3071,Eduardo Casanova
3072,Daniel Burman
3073,Kike Maíllo
3074,Laurent Bouzereau
3075,Gordon Anderson
3076,Charlie McDowell
3077,Meghan O'Hara
3078,Tommy O'Haver
3079,Lonny Price
3080,Sydney Freeland
3081,Jung-woo Park
3082,James Ivory
3083,Santosh Sivan
3084,Erik Canuel
3085,Peter Middleton
3086,James Spinney
3087,Shashilal K. Nair
3088,Marcel Barrena
3089,Gerard McMurray
3090,Selvamani Selvaraj
3091,Mike Birbiglia
3092,Lô Politi
3093,Tomas Portella
3094,Macon Blair
3095,Juan Pablo Buscarini
3096,Thomas Stuber
3097,Scot McFadyen
3098,Raúl Arévalo
3099,Matías Bize
3100,Michael Paul Stephenson
3101,Colin Dench
3102,Ricky Gervais
3103,Joachim Fest
3104,Christian Herrendoerfer
3105,Malik Vitthal
3106,Joaquín Mazón
3107,Jonás Trueba
3108,Peter DeLuise
3109,Alejandra Márquez Abella
3110,Sébastien Betbeder
3111,Adam Randall
3112,Marco Dutra
3113,Mario Rouleau
3114,Aniruddha Roy Chowdhury
3115,Chester Tam
3116,Hannes Stöhr
3117,Andreas Prochaska
3118,Maximilian Erlenwein
3119,Burhan Qurbani
3120,Hubert Woroniecki
3121,Alistair Legrand
3122,Mir-Jean Bou Chaaya
3123,Jeannie Gaffigan
3124,Babak Anvari
3125,Emily Hagins
3126,Greg Richardson
3127,Uwe Boll
3128,Mitch Schauer
3129,Rohit Mittal
3130,Steve Hickner
3131,Diego Luna
3132,Jorge Michel Grau
3133,Riki Lindhome
3134,Jeremy Konner
3135,Vikram Gandhi
3136,Sean Hanish
3137,Sinan Akkuş
3138,Matt Bell
3139,James Hawes
3140,Elite Zexer
3141,James Yukich
3142,Nic Mathieu
3143,Chris Kelly
3144,Roman Gackowski
3145,Benjamin Dickinson
3146,Sacha Wolff
3147,Adam Nimoy
3148,Elizabeth Wood
3149,Robert McCullough Jr.
3150,Shrihari Sathe
3151,Ralph Macchio
3152,Ricardo Maldonado
3153,Vetrimaaran
3154,Linas Phillips
3155,Jeff Margolis
3156,Bauddhayan Mukherji
3157,María Jose Cuevas
3158,Chris Sparling
3159,Raúl Campos Delgado
3160,Michelle Caputo
3161,Volker Weicker
3162,Manjeet Singh
3163,Lorene Machado
3164,Richard Ladkani
3165,Richard Mears
3166,Moto Sakakibara
3167,Emilio Martínez Lázaro
3168,Osgood Perkins
3169,Werner Herzog
3170,Julien Rambaldi
3171,Yvan Attal
3172,Benjamin Weill
3173,Roger Gual
3174,Thomas Sorriaux
3175,Clovis Cornillac
3176,Jonathan Demme
3177,Dave Higby
3178,Richie Smyth
3179,Riccardo Pilizzeri
3180,Guilherme Fontes
3181,Aamir Bashir
3182,David Schalko
3183,Pieter Kuijpers
3184,Prashant Nair
3185,Paul Taublieb
3186,Jon Freeman
3187,Riccardo Milani
3188,Rod Blackhurst
3189,Brian McGinn
3190,Tony Elliott
3191,Dan Krauss
3192,Christopher Louie
3193,Justin Krook
3194,Michael Drumm
3195,Alex Coletti
3196,John Smithson
3197,Christopher Martin
3198,Tom Whitter
3199,Sian Heder
3200,Karl Mueller
3201,Allan Ungar
3202,Hemant Gaba
3203,Pratim D. Gupta
3204,Sudhish Kamath
3205,Nalan Kumarasamy
3206,Anu Menon
3207,Sandeep Mohan
3208,Rajshree Ojha
3209,Raja Sen
3210,Abhinav Shiv Tiwari
3211,Rob Burnett
3212,Jon Greenhalgh
3213,Felix Van Groeningen
3214,Felix van Groeningen
3215,Rodolphe Guenoden
3216,Jason Krawczyk
3217,Sophie Robinson
3218,Lotje Sodderland
3219,John Lee
3220,Yuen Wo-Ping
3221,Alik Sakharov
3222,L. Frazier
3223,Frank Coraci
3224,Kristin Hanggi
3225,J. Davis
3226,Jennifer Lee
3227,Patrick Osborne
3228,Lauren MacMullan
3229,John Kahrs
3230,Nathan Greno
3231,Byron Howard
3232,Stevie Wermers
3233,Dean Wellins
3234,Kevin Deters
3235,Roger Allers
3236,Mike Gabriel
3237,Mark Henn
3238,Andrew Bujalski
3239,Adam Dubin
3240,Cary Joji Fukunaga
3241,Aaron Hann
3242,Mario Miscione
3243,Evgeny Afineevsky
3244,Kristina Goolsby
3245,Ashley York
3246,Phil Joanou
3247,Anthony Pierce
3248,Jennifer Phang
3249,Mike Fleiss
3250,Aziz Ansari
3251,David Sampliner
3252,Katy Chevigny
3253,Wyatt Cenac
3254,Luis Lopez
3255,Clay Tweel
3256,Robert Nixon
3257,Fisher Stevens
3258,Greg Whiteley
3259,Jason Moore
3260,Josh Greenbaum
3261,Will Lovelace
3262,Dylan Southern
3263,Constance Marks
3264,Larry Elikann
3265,Robert Markowitz
3266,Eric Laneuville
3267,Joel Oliansky
3268,Roy Campanella II
3269,Arthur Allan Seidelman
3270,John Herzfeld
3271,Buzz Kulik
3272,Richard Michaels
3273,Linda Otto
3274,Roger Young
3275,Rob LaDuca
3276,Robert C. Ramirez
3277,Icíar Bollaín
3278,Joe Dante
3279,Ole Bornedal
3280,Sorin Dan Mihalcescu
3281,Shane Acker
3282,Kevin Reynolds
3283,Shravan Kumar
3284,Vijay Milton
3285,Santwana Bardoloi
3286,Atanu Ghosh
3287,Lyric R. Cabral
3288,David Felix Sutcliffe
3289,Michael Margolis
3290,Michael Kennedy
3291,Óskar Thór Axelsson
3292,Karyn Kusama
3293,Adam Deyoe
3294,Leif Tilden
3295,Melinda Janko
3296,Sam Upton
3297,Victor Zarcoff
3298,Daniel Stamm
3299,Daniel Lee
3300,Scott Hussion
3301,Seth Fuller
3302,Richard Donner
3303,Burr Steers
3304,David Marmor
3305,Raymond Wood
3306,Hasraf Dulull
3307,Mike Mills
3308,Jon Lucas
3309,Scott Moore
3310,Joey Curtis
3311,Brian Smrz
3312,Nicanor Loreti
3313,Simon Napier-Bell
3314,Betty Thomas
3315,Gaby Dellal
3316,Iman Brotoseno
3317,Shazia Javed
3318,Hani Hamdi
3319,Ruben Fleischer
3320,Maciej Dejczer
3321,Jack C. Newell
3322,Andrew Nackman
3323,Victor Levin
3324,Jonathan Levine
3325,Toa Fraser
3326,Bharat Jain
3327,Trent Haaga
3328,Nizar Shafi
3329,Meenu Gaur
3330,Farjad Nabi
3331,Padmakumar Narasimhamurthy
3332,Richard Attenborough
3333,Stanley Kubrick
3334,Stephen Gyllenhaal
3335,Tom Fassaert
3336,Mark Williams
3337,Roman Coppola
3338,Erik Nelson
3339,Teo Konuralp
3340,Jim Fall
3341,Andy Goddard
3342,Chris Bell
3343,Christopher S. Rech
3344,Brandon Kimber
3345,Michael Lennox
3346,Kees Van Oostrum
3347,Henry Sarwer-Foner
3348,Ishaan Trivedi
3349,Asghar Farhadi
3350,Maria Burton
3351,Natalie Portman
3352,Martin Lawrence
3353,Adam Shankman
3354,Gregory Caruso
3355,Rusty Nixon
3356,Oliver Daly
3357,Midhun Manuel Thomas
3358,Chandrakant Kulkarni
3359,Uttung Shelar
3360,Seung-uk Jo
3361,Chad Van De Keere
3362,Daniela Goggi
3363,Alfonso Serrano Maturino
3364,Julien Christian Lutz
3365,Julie Taymor
3366,Mike McCoy
3367,Scott Waugh
3368,Brett Donowho
3369,Thierry Donard
3370,Anne Fontaine
3371,Sandeep Chatterjee
3372,Kyle Rideout
3373,Bryce Wagoner
3374,Brittany Andrews
3375,Nicolás López
3376,Terry Loane
3377,Biswajeet Bora
3378,Castille Landon
3379,Gervasio Iglesias
3380,J. Michael Long
3381,Susan Glatzer
3382,Eva Vives
3383,Don Bluth
3384,Gary Goldman
3385,Dan Kuenster
3386,Víctor García
3387,Charlie Vaughn
3388,Chris Blake
3389,Matthew Hope
3390,Vincent Perez
3391,Lee Tamahori
3392,Richard Rich
3393,Greg Kohs
3394,Trey Haley
3395,Atul Malhotra
3396,Manmohan Desai
3397,Khaled Youssef
3398,Charlie Siskel
3399,Sam Mendes
3400,Brendon Marotta
3401,Barak Goodman
3402,Sharon Grimberg
3403,Mark Zwonitzer
3404,Wilson Coneybeare
3405,Sarik Andreasyan
3406,Tony Kaye
3407,Andrea Arnold
3408,Nick Davis
3409,Jerry G. Angelo
3410,Asif Kapadia
3411,Karan Bali
3412,Phil Nibbelink
3413,Simon Wells
3414,Larry Latham
3415,Perry Lang
3416,Ismail Farouk
3417,Avinash Das
3418,Carlos Marques-Marcet
3419,Tim Blake Nelson
3420,Luis Mandoki
3421,Pan Nalin
3422,Sohail Tatari
3423,Paul Serafini
3424,Juan Zapata
3425,Sherif Ismail
3426,Ken Barbet
3427,Manish Jha
3428,David Salzberg
3429,Christian Tureaud
3430,J.F. Musial
3431,Josh Vietze
3432,Christian Desmares
3433,Franck Ekinci
3434,Christopher Chambers
3435,Khaled El Halafawy
3436,Nia Dinata
3437,Jason Winer
3438,Sarah Smith
3439,James L. Brooks
3440,John Murlowski
3441,Sung-soo Kim
3442,Mike Nicoll
3443,Jason Stone
3444,Mez Tharatorn
3445,David Morris
3446,Jacqui Morris
3447,Fabrizio Copano
3448,Augusto Matte
3449,Mike Rossiter
3450,Gabe Ibáñez
3451,Anthony Russo
3452,Joe Russo
3453,Levan Tsikurishvili
3454,Ajay Bahl
3455,Çagan Irmak
3456,Alejandro G. Iñárritu
3457,Shikha Makan
3458,José Eduardo Belmonte
3459,Adam MacDonald
3460,Dave Patten
3461,Michael Petroni
3462,David Chirchirillo
3463,Salima Koroma
3464,Sumitra Bhave
3465,Sunil Sukthankar
3466,Justin Lee
3467,Phil Weinstein
3468,Haissam Hussain
3469,Zoe Lister-Jones
3470,Aaron Nee
3471,Adam Nee
3472,Tanit Jitnukul
3473,Manop Janjarasskul
3474,Adisorn Tresirikasem
3475,Jordi Llompart
3476,Raja Menon
3477,Matthew Salleh
3478,Adam Wood
3479,Zeke Norton
3480,Andrew Tan
3481,Michael Goguen
3482,William Lau
3483,Ezekiel Norton
3484,Kyle Newman
3485,Esteban Vidal
3486,Dava Whisenant
3487,Hrishikesh Mukherjee
3488,Sagar Sarhadi
3489,Lilibet Foster
3490,Joshua Caldwell
3491,Volker Arzt
3492,Angelika Sigl
3493,Mel Smith
3494,Mike Judge
3495,Bruce W. Smith
3496,Agasyah Karim
3497,Khalid Kashogi
3498,Julian Jarrold
3499,Keiko Yagi
3500,Katherine Fairfax Wright
3501,Rajeev Chaudhari
3502,Anthony Wonke
3503,April Mullen
3504,Adam Marino
3505,Joe Camp
3506,Tamer Bassiouni
3507,Ted Braun
3508,Dharmesh Darshan
3509,Sushrut Jain
3510,Majid Majidi
3511,Jasbir Bijendra Bhati
3512,Joey Kern
3513,Scott Martin
3514,Kaspar Astrup Schröder
3515,Nick Broomfield
3516,Stephen Daldry
3517,Vonda Harrell
3518,Daniel Camenisch
3519,Indrasis Acharya
3520,Gajendra Ahire
3521,Viju Mane
3522,Girish Mohite
3523,Ravi Jadhav
3524,Emanuel Hoss-Desmarais
3525,Marianna Palka
3526,Ham Tran
3527,Miguel Conde
3528,Supavitra Babul
3529,Mark Harris
3530,Jesse Gustafson
3531,Martin Hodara
3532,Gabriela Cowperthwaite
3533,Daniel Alfredson
3534,Ethan Hawke
3535,Ben Younger
3536,Deane Taylor
3537,July Hygreck
3538,Jean-François Richet
3539,Ted Demme
3540,Abdellatif Kechiche
3541,Woody Allen
3542,Lev L. Spiro
3543,Derek Cianfrance
3544,Jeremy Kenyon Lockyer Corbell
3545,Jay Surridge
3546,Elvira Lind
3547,Raj Kapoor
3548,Gabriel Clarke
3549,Torquil Jones
3550,Brendan Byrne
3551,Geoffrey Orthwein
3552,Andrew Sullivan
3553,Chris Williams
3554,Alexandra Dean
3555,Jelle de Jonge
3556,Arthur Penn
3557,Kaizad Gustad
3558,Gary Cohen
3559,Ross Hockrow
3560,Gayane Petrosyan
3561,Richard Sears
3562,Alê Abreu
3563,Chris Stokes
3564,Michael Doneger
3565,Cecilia Peck
3566,Jody Lambert
3567,Simon Baker
3568,Rian Johnson
3569,Robert Adetuyi
3570,Lu Yang
3571,Vivieno Caldinelli
3572,Mike Wiluan
3573,Andreas Johnsen
3574,David McCracken
3575,Steve Antin
3576,Jon Manning
3577,Lee Chang-dong
3578,Cary Murnion
3579,Jonathan Milott
3580,Daniel Mann
3581,Daniele Thompson
3582,Travis Zariwny
3583,Néstor Sánchez Sotelo
3584,Asim Abbasi
3585,Carlos Bolado
3586,Scott Marshall Smith
3587,Lisa Arnold
3588,Peter Sattler
3589,Harry Elfont
3590,Deborah Kaplan
3591,Bernard Rose
3592,Justin Pemberton
3593,Noushad
3594,Mark O'Connor
3595,Chito S. Roño
3596,Todd Haynes
3597,Brian De Palma
3598,Matt Piedmont
3599,Wong Jing
3600,Richard Brooks
3601,Aaron Hancox
3602,Michael McNamara
3603,Henrik Martin Dahlsbakken
3604,Shivendra Singh Dungarpur
3605,Nicholas Hytner
3606,Harry Baweja
3607,Aatmaram Dharne
3608,Umer Adil
3609,Arne Birkenstock
3610,Dianne Dreyer
3611,Garin Nugroho
3612,John Curran
3613,Charles A. Nichols
3614,Iwao Takamoto
3615,Jason Kwan
3616,John Scheinfeld
3617,Gurvinder Singh
3618,Asit Mohapatra
3619,Anuranjan Premji
3620,Mark Dindal
3621,Tom Holland
3622,Tan Bing
3623,Bedabrata Pain
3624,Ken Hughes
3625,Atom Egoyan
3626,Andrew Sandler
3627,Corbin Bernsen
3628,Marita Grabiak
3629,Gary Wheeler
3630,Marc Forster
3631,Mohsin Ali
3632,Katia Lund
3633,Pete Travis
3634,Nick Mead
3635,Louis Leterrier
3636,Gregory Hoblit
3637,Eric Stoltz
3638,Jack Starrett
3639,Chris Perkel
3640,John Crowley
3641,Lilly Wachowski
3642,Lana Wachowski
3643,Tom Tykwer
3644,Matt Reeves
3645,Thomas Carter
3646,Vishal Mishra
3647,Saurav Palodhi
3648,Florian Gallenberger
3649,Zack Whedon
3650,Craig Goodwill
3651,Jesse Adang
3652,Van M. Pham
3653,Gavin Fitzgerald
3654,Abdul Aziz Hashad
3655,Stuart Rosenberg
3656,Ben Steele
3657,Henry Selick
3658,Jason Bourque
3659,Micah Bickham
3660,Galley Molina
3661,Kranti Kanade
3662,Ang Lee
3663,Don Mancini
3664,Zachary Heinzerling
3665,Chandrakant Kanse
3666,Gary David Goldberg
3667,Steve Carr
3668,Amara Cash
3669,Pablo Parés
3670,Johnson Esthappan
3671,Raj Amit Kumar
3672,Jean-Marc Vallée
3673,Philipp Eichholtz
3674,Brendan Toller
3675,Agnidev Chatterjee
3676,Alexandros Avranas
3677,Prawal Raman
3678,Parveen Kumar
3679,Julie Dash
3680,Amman Abbasi
3681,Dylan Haegens
3682,Bas van Teylingen
3683,Jake Paltrow
3684,Tom Edmunds
3685,Tanveer Khan
3686,Danny J. Boyle
3687,Tanuj Bhramar
3688,Jason Priestley
3689,Neil LaBute
3690,Harrison Smith
3691,Clay Porter
3692,Ken Burns
3693,Artemis Joukowsky
3694,Dennis Iliadis
3695,Camilla Nielsson
3696,Christian Gudegast
3697,Frederick Cipoletti
3698,Sam Patton
3699,Mohamed Samy
3700,Christopher Smith
3701,Michael Feifer
3702,Saara Cantell
3703,Clay Staub
3704,Hark Tsui
3705,Ben Ryder
3706,Benoît Jacquot
3707,Chia-Liang Liu
3708,Todd Standing
3709,Benjamin Arfmann
3710,David Lean
3711,Paul Schrader
3712,Philip Marlatt
3713,Charles Martin Smith
3714,Mahin Ibrahim
3715,Austin Kolodney
3716,Will Lowell
3717,David Beier
3718,Dave Dorsey
3719,Xu Zhang
3720,Alana Waksman
3721,Jon YonKondy
3722,Drue Metz
3723,Brandon Somerhalder
3724,Troy Nixey
3725,Caradog W. James
3726,Daniel Gordon
3727,John Patrick Shanley
3728,M.J. Isakson
3729,Bo Welch
3730,Scott Mosier
3731,Yarrow Cheney
3732,Rob Cohen
3733,Colin Teague
3734,Doug Lefler
3735,Patrik Syversen
3736,Greg MacGillivray
3737,Tristan Ferland Milewski
3738,Reiner Holzemer
3739,Afia Nathaniel
3740,Eeshwar Nivas
3741,Emma Hatherley
3742,Dave Green
3743,Anthony Lucero
3744,Will Gluck
3745,Bruce Gowers
3746,Ajithkumar
3747,Harjit Singh
3748,Philipp Stölzl
3749,Federico Lemos
3750,Bassam Kurdali
3751,John Bridcut
3752,Sebastian Gutierrez
3753,Fabien Beziat
3754,Hugues Nancy
3755,Nils Tavernier
3756,Jon Spira
3757,Michael Thelin
3758,Riri Riza
3759,Neil Triffett
3760,Greg Coolidge
3761,Ajay Phansekar
3762,Denis Villeneuve
3763,Jenny Carchman
3764,Jason James
3765,Robert Clouse
3766,Kurt Wimmer
3767,Wojciech Marczewski
3768,Marcelo González
3769,Valeria Golino
3770,Robi Michael
3771,Alex Garland
3772,James Lee
3773,Stuart Baird
3774,Anders Sømme Hammer
3775,Marius Arnesen
3776,Klaus Erik Okstad
3777,Olav Njaastad
3778,Michael Whitton
3779,Joseph Mbah
3780,Benny Fine
3781,Matt Toronto
3782,Sedat Kirtan
3783,Kubilay Sarikaya
3784,Keith L. Smith
3785,Nagraj Manjule
3786,Shadi Ali
3787,Ian Barber
3788,Norman Jewison
3789,Biyi Bandele
3790,Luke Jurevicius
3791,Ari Levinson
3792,Tony Zierra
3793,James Wong
3794,David R. Ellis
3795,Gianfranco Rosi
3796,Sabal Singh Shekawat
3797,Arthur Muhammad
3798,Nirpal Bhogal
3799,Keith Malloy
3800,Andrew Renzi
3801,Gerry Blaksley
3802,Cheh Chang
3803,Marc Abraham
3804,Kang Cheng
3805,Shan Hua
3806,Asri Bendacha
3807,Juan Manuel Cotelo
3808,Mark Helenowski
3809,Kevin Pang
3810,Dean Wright
3811,Mark Murphy
3812,Richard Miron
3813,Jon Carey
3814,Adam Darke
3815,Fred M. Wilcox
3816,Maya Zinshtein
3817,Lee Fulkerson
3818,Seth Gordon
3819,Trudie Styler
3820,Marc Levin
3821,Wade Allain-Marcus
3822,Jesse Allain-Marcus
3823,Jude Okwudiafor Johnson
3824,Marcus Nispel
3825,Simon Verhoeven
3826,Heber Cannon
3827,Bob Rose
3828,Le Van Kiet
3829,Adam Del Giudice
3830,Hoyt Yeatman
3831,Fellipe Barbosa
3832,Pavel Parkhomenko
3833,Rudy Soedjarwo
3834,Hiroshi Katagiri
3835,Manbhavan Singh
3836,P.K. Baaburaaj
3837,David Grossman
3838,Guy Vasilovich
3839,Nicholas Stoller
3840,David Silberg
3841,Rich Ragsdale
3842,Kazuchika Kise
3843,Partho Ghosh
3844,Vincente Minnelli
3845,Charles Walters
3846,Sally Potter
3847,Brett Whitcomb
3848,Harold Cronk
3849,Jedd Wider
3850,Todd Wider
3851,Gordon Chan
3852,Michael Mason
3853,Francis Lee
3854,Takuya Inaba
3855,Sam de Jong
3856,Ivan Sen
3857,Mark Landre Gould
3858,Neslihan Yesilyurt
3859,Chris McCoy
3860,Wendy Jo Carlton
3861,Tarek Abdel Moaty
3862,Henrik Ruben Genz
3863,Justin Chon
3864,Robert Altman
3865,Mathieu Kassovitz
3866,Ananth Narayan Mahadevan
3867,Tanuj Chopra
3868,Nanette Burstein
3869,Eric Juhola
3870,Anjali Nayar
3871,James Woodroffe
3872,Ali Taner Baltacı
3873,Mamoru Oshii
3874,Hideki Futamura
3875,Toshiyuki Kanno
3876,Tomoki Kyoda
3877,Koichi Mashimo
3878,Yasushi Muraki
3879,Daisuke Nishio
3880,Frank O'Connor
3881,Koji Sawai
3882,Joseph Chou
3883,Hiroshi Yamazaki
3884,Ian Kirby
3885,Satish Kaushik
3886,John Irvin
3887,Akram Farouk
3888,Johnny Martin
3889,Tim Van Someren
3890,Joe Dietsch
3891,Louie Gibson
3892,Luis Javier M. Henaine
3893,Robert Osman
3894,Nathanael Wiseman
3895,Ilya Naishuller
3896,Jon Hurwitz
3897,Hayden Schlossberg
3898,Danny Leiner
3899,Daniel Raim
3900,Ah Loong
3901,Ron Davis
3902,Justin Bare
3903,Matthew Miele
3904,Jon Schnitzer
3905,Brant Sersen
3906,Eddie Martin
3907,Andrew C. Erin
3908,Quinn Lasher
3909,Elle Callahan
3910,Ana Kokkinos
3911,Kelly Noonan
3912,David Mirkin
3913,Huang Jianming
3914,Tom Gianas
3915,Ross R. Shuman
3916,Christel Gibson
3917,Timothy Woodward Jr.
3918,Shawn Arranha
3919,Liu Jie
3920,Scott Hicks
3921,Lucy van Beek
3922,Jennifer Lynch
3923,Vishnu Govindhan
3924,Daniel Ablin
3925,Asim Raza
3926,Neil Armfield
3927,Anthony Scott Burns
3928,Nicholas McCarthy
3929,Adam Egypt Mortimer
3930,Gary Shore
3931,Kevin Kolsch
3932,Dennis Widmyer
3933,Will Allen
3934,Note Chern-Yim
3935,Rakshith Thirthahalli
3936,Anindya Chatterjee
3937,Bille Woodruff
3938,Mike Disa
3939,Sudip Bandyopadhyay
3940,Brodje Wemboendja
3941,Ayush Raina
3942,Marty Stalker
3943,Scott Cooper
3944,Michael Polish
3945,Max McGill
3946,Janusz Majewski
3947,Genndy Tartakovsky
3948,Mark Tonderai
3949,Sandy Chronopoulos
3950,Ziga Virc
3951,Tom O'Dell
3952,Ken Marino
3953,Lionel C. Martin
3954,Jocelyn Moorhouse
3955,Cal Saville
3956,Amar Gupte
3957,Frank Paur
3958,Raj Kanwar
3959,Drew Casson
3960,Jonathan Mostow
3961,Matt Kugelman
3962,Gabriel Grieco
3963,Benjamin Turner
3964,Gabe Turner
3965,Mary Mazzio
3966,Laura VanZee Taylor
3967,Feng Xiaogang
3968,Adam Sjöberg
3969,Chuck Russell
3970,Douglas McGrath
3971,Maria Demeshkina Peek
3972,Ken Loach
3973,Steve Race
3974,Brett Harvey
3975,Law Wing-cheong
3976,Sachin
3977,Tony Leondis
3978,Karey Kirkpatrick
3979,Walerian Borowczyk
3980,Taron Lexton
3981,Aytaç Ağırlar
3982,Eric Zaragosa
3983,Suman Mukhopadhyay
3984,Jonathan Baker
3985,Elizabeth Chai Vasarhelyi
3986,Brad Bird
3987,Sanjeev Gupta
3988,John Stewart Muller
3989,Luca Vullo
3990,Iain Softley
3991,K. Subhash
3992,Eugenio Derbez
3993,Michael Gallagher
3994,Patricia Rozema
3995,Charles Officer
3996,John Trengove
3997,Kedar Shinde
3998,Jacob Schwab
3999,Leo Riley
4000,V. K. Prakash
4001,Manish Tiwary
4002,Zatella Beatty
4003,Young Jun Lee
4004,Mathias Malzieu
4005,Stéphane Berla
4006,Harvey Glazer
4007,Stuart Stone
4008,Stuart Orme
4009,Dustin Nguyen
4010,Azfar Jafri
4011,Gerry Hoban
4012,C. Fitz
4013,Joe Boyd
4014,David Gelb
4015,Radhu Karmakar
4016,John Edginton
4017,Ashim Ahluwalia
4018,Andrew Stanton
4019,Bill Oliver
4020,Toby Haynes
4021,Amardeep Singh Gill
4022,Susannah Heath-Eves
4023,Nora Ephron
4024,Salim Akil
4025,Phil Morrison
4026,Kathryn Bigelow
4027,Sanjay Gupta
4028,Kranti Redkar
4029,Tinnu Anand
4030,Jijo Pancode
4031,Pa. Ranjith
4032,Buta Singh
4033,Gaëtan Brizzi
4034,Paul Brizzi
4035,Joan C. Gratz
4036,Mohammed Saeed Harib
4037,Tomm Moore
4038,Nina Paley
4039,Bill Plympton
4040,Joann Sfar
4041,Michael Socha
4042,Pooja Bhatt
4043,Rupert Jones
4044,Dhilip Kumar
4045,Sai Paranjape
4046,Alphonso J. Wesson
4047,Vineeth Anil
4048,Tim Story
4049,Lori Kaye
4050,Subhash Ghai
4051,Surya S.J.
4052,Sunil Kumar Agrawal
4053,Sudipto Roy
4054,John Stockwell
4055,Steven Gomez
4056,Frédéric Tonolli
4057,Paul Tanter
4058,Attila Till
4059,Paul Katis
4060,Felix Thompson
4061,Jeffrey W. Byrd
4062,Steve Greenwood
4063,Deniz Gamze Ergüven
4064,Woo Ming Jin
4065,Frank Capra
4066,Joris Ivens
4067,Alex Proyas
4068,Jonathan Taylor
4069,Joachim Rønning
4070,Espen Sandberg
4071,Gulzar
4072,Hans Petter Moland
4073,Munjal Shroff
4074,Tilak Shetty
4075,Oliver Blackburn
4076,William H. Macy
4077,Remy Kohli
4078,Stephen Chow
4079,Andrés Couturier
4080,Stanley Tong
4081,Suresh Pillai
4082,Yusuf Pirhasan
4083,Devin Chanda
4084,Samir Karnik
4085,Leandro Mark
4086,Nicolás Silbert
4087,Giulio Base
4088,Alejandro Lozano
4089,Syed Ahmad Afzal
4090,Sopon Sukdapisit
4091,Chris Nahon
4092,R. Ellis Frazier
4093,Jaki Bradley
4094,Kazuaki Kiriya
4095,Massy Tadjedin
4096,Damien Piscarel
4097,Emmanuel Amara
4098,Anand Tucker
4099,Roy Allen Smith
4100,Ron Myrick
4101,B.N. Shajeer Sha
4102,Vic Armstrong
4103,Yang Lei
4104,Stephen Murray
4105,Anders Falck
4106,Stinus Morell Vithner
4107,Mario Cambi
4108,Pascal Blanchard
4109,Sonia Dauger
4110,David Dietz
4111,John Huston
4112,Onur Ünlü
4113,Jenna Laurenzo
4114,Justin McConnell
4115,Kevin Peeples
4116,Alfonso Arau
4117,Karim El Sobky
4118,Ellen Weissbrod
4119,Hua Shan
4120,Tim Bartley
4121,Robyn Butler
4122,Ira Sachs
4123,Zach Clark
4124,Nick Gomez
4125,Guy Ritchie
4126,Steven Knight
4127,James Mather
4128,Steve Saint Leger
4129,Fernando Sariñana
4130,José Luis Gutiérrez
4131,Michael Anderson
4132,Jakob Verbruggen
4133,Jennifer Baichwal
4134,Nicholas de Pencier
4135,Sze Yu Lau
4136,David Wnendt
4137,Ignacio López Escrivá
4138,Sarah Moshman
4139,Charneice Fox
4140,Saandeep Patel
4141,Steven Fine
4142,Ahmad Samir Farag
4143,Sridhar Jetty
4144,Christian Ditter
4145,Alma Har'el
4146,Katherine Brooks
4147,Ana Quiroga
4148,Radhika Rao
4149,Vinay Sapru
4150,Prabhuraj
4151,Ticoy Rodriguez
4152,Jayan Vannery
4153,Dylan C. Brown
4154,Debaloy Dey
4155,George Miller
4156,Callie Khouri
4157,Jim Monaco
4158,Chun Wong
4159,Ben Patterson
4160,Aaron Burns
4161,Luc Vinciguerra
4162,Benjamin Ree
4163,Amaan Khan
4164,Li Pei-Chuan
4165,Sameer Vidwans
4166,Michael Winnick
4167,Keanu Reeves
4168,Ben Palmer
4169,Tathagata Banerjee
4170,John Upchurch
4171,Tom O'Brien
4172,Michael Roberts
4173,Rahat Kazmi
4174,Clive Tonge
4175,Nathan Landeg
4176,Pulkit
4177,Everardo Gout
4178,David Raynr
4179,David Batty
4180,Deepika Narayan Bhardwaj
4181,Eric Drath
4182,Eric Radomski
4183,Shekhar Kapur
4184,Ui-seok Jo
4185,Pablo D'Alo Abba
4186,Sudesh Manjrekar
4187,Atul Kale
4188,Daniel Noah
4189,Philip Yung
4190,Hassan Hegazy
4191,Shady Ali
4192,Bob Hercules
4193,Rita Coburn Whack
4194,Samuel D. Pollard
4195,Jesús Magaña Vázquez
4196,Nathan Morlando
4197,Mina Shum
4198,Jacek Koprowicz
4199,Paul Berczeller
4200,Mark Radice
4201,Binu Ulahhannan
4202,Bob Odenkirk
4203,Shin-yeon Won
4204,Janet Tobias
4205,Claus Wehlisch
4206,Barry Sonnenfeld
4207,John Barnard
4208,Santosh Manjrekar
4209,Bharat Nalluri
4210,Gus Van Sant
4211,Anil Thomas
4212,Gavin O'Connor
4213,Keiichi Hara
4214,Liv Ullmann
4215,Kenny Young
4216,Jennifer Siebel Newsom
4217,Barbara Kopple
4218,Julia Hart
4219,David Fairhead
4220,David Blair
4221,Osman Ali
4222,Anna Boden
4223,Ryan Fleck
4224,Munish Bhardwaj
4225,Ted Geoghegan
4226,William Monahan
4227,Martin Rosete
4228,Brett Ratner
4229,Ahmed El Gendy
4230,Holger Tappe
4231,Steve Sacks
4232,Sylvain Blais
4233,Dustin McKenzie
4234,Victor Dal Chele
4235,Alfred Gimeno
4236,Mike Fetterly
4237,Dan Fraga
4238,Audu Paden
4239,Rachel Bell
4240,Barry Jenkins
4241,Antoine Bardou-Jacquet
4242,Jami
4243,Chad Hartigan
4244,Michael Mayer
4245,Avadhoot Gupte
4246,Jennifer Peedom
4247,Will Graham
4248,James Duffy
4249,Jonathan van Tulleken
4250,Elizabeth Banks
4251,Patrik Forsberg
4252,James Gunn
4253,Tomer Heymann
4254,Anthony Chan
4255,Craig Gillespie
4256,Alexandre Heboyan
4257,Benoît Philippon
4258,James Bobin
4259,Lewis Milestone
4260,Carol Reed
4261,Bruce McDonald
4262,Waymon Boone
4263,Dash Shaw
4264,Nathaniel Warsh
4265,Alessandro Pepe
4266,Claude Barras
4267,Jayson Thiessen
4268,Siu-hung Chung
4269,Nick Cassavetes
4270,Atsajun Sattakovit
4271,Simon Curtis
4272,Moataz El Tony
4273,Sabu Varghese
4274,Krishna Agazzi
4275,Filippo Gastaldi
4276,Dennis Bartok
4277,Ben Bowie
4278,Geoff Luck
4279,Heidi Saman
4280,Natalia Valdebenito
4281,Sonia Kennebeck
4282,Gene Quintano
4283,Jon Turteltaub
4284,Roman Atwood
4285,Ben Pluimer
4286,Chad L. Scheifele
4287,George Stevens
4288,Josh Webber
4289,Arun Vaidyanathan
4290,Jordana Spiro
4291,Kelly Reichardt
4292,Anthony Bell
4293,Tim Maltby
4294,Richard Finn
4295,Kiki Goshay
4296,Jacqueline Monetta
4297,Rushmore DeNooyer
4298,Martin Gorst
4299,Giulia Clark
4300,Sarah Holt
4301,Terri Randall
4302,Doug Hamilton
4303,Peter Fison
4304,Graham Townsley
4305,Paula Apsell
4306,Kirk Wolfinger
4307,Oliver Twinch
4308,Llewellyn M. Smith
4309,Daniel McCabe
4310,Peter Yost
4311,Tom Stubberfield
4312,Noel Dockstader
4313,Quinn Kanaly
4314,Gail Willumsen
4315,Sacha Gervasi
4316,Lesli Linka Glatter
4317,Peter Pardini
4318,Sam Taylor-Johnson
4319,Dana Doron
4320,Uriel Sinai
4321,Enrico Bisi
4322,Lars von Trier
4323,Mat Whitecross
4324,Jacques Perrin
4325,Jacques Cluzaud
4326,Luke Sparke
4327,Nacho G. Velilla
4328,Shawn Crahan
4329,Poj Arnon
4330,Clarence Yiu-leung Fok
4331,Heitor Dhalia
4332,Pradip Kurbah
4333,Charlie Lightening
4334,Simon Rumley
4335,Banjong Pisanthanakun
4336,Morgan Spurlock
4337,Tim Rouhana
4338,Noah Moskin
4339,Jasmine D'Souza
4340,Nicolas Winding Refn
4341,Bill Guttentag
4342,Michael Ware
4343,Jill Culton
4344,John H. Lee
4345,Logan Kibens
4346,Chia Tang
4347,Peter McDonnell
4348,Kiran Narayanan
4349,Ben C. Lucas
4350,Jayaraj Rajasekharan Nair
4351,Mark Franchetti
4352,Andrew Meier
4353,Adam Collins
4354,Luke Radford
4355,Paul Spurrier
4356,Chandran Narikode
4357,Jorge Granier
4358,Piti Jaturaphat
4359,Amber Tamblyn
4360,Alex Law
4361,Bhagyaraj
4362,Rebecca Addelman
4363,Oren Peli
4364,Gafoor Y. Elliyaas
4365,Jennie Livingston
4366,Kevin Hooks
4367,Dileep Narayanan
4368,Paritosh Painter
4369,Paul Reubens
4370,Wayne Orr
4371,Mohd Khairul Azri Bin Md Noor
4372,Mark Palansky
4373,J.C. Falcón
4374,C.J. Wallis
4375,James Foley
4376,Tony Stone
4377,Karan Lalit Butani
4378,Jean-Loup Felicioli
4379,Alain Gagnol
4380,Paween Purikitpanya
4381,Songyos Sugmakanan
4382,Parkpoom Wongpoom
4383,Visute Poolvoralaks
4384,Abhishek Saxena
4385,Dana Nachman
4386,Don Hardy Jr.
4387,Oscar Micheaux
4388,Spencer Williams
4389,Richard E. Norman
4390,Richard Maurice
4391,Bruno Stagnaro
4392,Christophe Honoré
4393,Jean-Simon Chartier
4394,Wim Wenders
4395,Gabe Klinger
4396,Steve McLean
4397,Charlie Haskell
4398,Koichi Sakamoto
4399,James Barr
4400,Ashish R. Shukla
4401,Josh Alexander
4402,Greg Young
4403,Bhavik Thakore
4404,Stephen Cone
4405,Anurag Singh
4406,Luis Prieto
4407,Michael Tolajian
4408,Richard Correll
4409,Raphael Erichsen
4410,Hari Viswanath
4411,Manish Gupta
4412,Jeremy Coon
4413,Tim Skousen
4414,Ding Sheng
4415,Basu Chatterjee
4416,Phil Johnston
4417,Rich Moore
4418,Eric Khoo
4419,Sanjay Dayma
4420,Kim Sung-hoon
4421,Girish Joshi
4422,Amir Mohiuddin
4423,Husam El-Gohari
4424,Nicholas Ray
4425,Michael James Regan
4426,Craig Anderson
4427,John Milius
4428,Amitava Bhattacharya
4429,Marina Willer
4430,Clementine Malpas
4431,Leslie Knott
4432,Andy Capper
4433,Shamyl Othman
4434,Allen Coulter
4435,René Pérez Joglar
4436,Linda Saffire
4437,Adam Schlesinger
4438,Vijay Jayapal
4439,Andrew Loo
4440,Jani Lachauer
4441,Jakob Schuh
4442,Fernando Frías De La Parra
4443,Jon Avnet
4444,Devaki Singh
4445,Luke Kenny
4446,Amit Rai
4447,Pierfrancesco Diliberto
4448,Nicholas Winter
4449,Sylvester Stallone
4450,Nancy Schwartzman
4451,Mitch Dickman
4452,Lenny Abrahamson
4453,Matthew Atkinson
4454,Max Lang
4455,Shweta Basu Prasad
4456,Roman Polanski
4457,John Dahl
4458,Jay Chandrasekhar
4459,Atanu Mukherjee
4460,Jeeva
4461,David L. Cunningham
4462,Dharmendra Suresh Desai
4463,Alex Infascelli
4464,Raman Kumar
4465,Hakan Yonat
4466,Michael Seater
4467,Balu Mahendra
4468,Ehtesham Uddin
4469,Kireet Khurana
4470,Sanjay Soorkar
4471,Mohamed Hamdy
4472,Partha Chakraborty
4473,K. Gopinathan
4474,Bruce MacDonald
4475,Gabriel Sabloff
4476,Rajeev Patil
4477,Glenn Miller
4478,Venugopan
4479,Kamal Sahani
4480,V. Scott Balcerek
4481,Raj N. Sippy
4482,Damon Cardasis
4483,Jeffrey G. Hunt
4484,Kevan Peterson
4485,Dino Risi
4486,Keenen Ivory Wayans
4487,Hiroshi Aoyama
4488,Kazumi Fukushima
4489,Jim Stenstrum
4490,Edgar Wright
4491,Wes Craven
4492,Steven Zaillian
4493,Malik Bendjelloul
4494,Jay Chou
4495,Billy Ray
4496,Kasia Uscinska
4497,Susannah Ward
4498,Sam Taplin
4499,Vicky Matthews
4500,Gareth Sacala
4501,Louise Wardle
4502,Kenneth Müller
4503,Michael Patrick King
4504,Max Martini
4505,Krishna Vamshi
4506,Gurudev Bhalla
4507,Samar Khan
4508,Raymond McGrath
4509,Adele K. Thomas
4510,Richard Bailey
4511,Jitendra Tiwari
4512,Pranav Singh
4513,Destin Daniel Cretton
4514,Barney Clay
4515,Adarsh Eshwarappa
4516,Fabio Grassadonia
4517,Antonio Piazza
4518,Vivek Wagh
4519,M.J. Bassett
4520,Jason Cohen
4521,Anil Sharma
4522,Robert Kouba
4523,Dorian Fernández-Moris
4524,Gregg Bishop
4525,Corey Grant
4526,Ekachai Uekrongtham
4527,Fredric Lean
4528,Colin Strause
4529,Greg Strause
4530,Leslye Headland
4531,Joe Nussbaum
4532,Billy Bob Thornton
4533,John Maclean
4534,Alex Winter
4535,Fred Olen Ray
4536,Jonathan Ignatius Green
4537,Ian MacAllister-McDonald
4538,Nancy Meyers
4539,Julius Avery
4540,Jeffrey C. Bell
4541,David Allensworth
4542,Monière
4543,Reuben Atlas
4544,Sam O'Steen
4545,Dan Harris
4546,Mark Sloper
4547,Sam Raimi
4548,Peter Ramsey
4549,Rodney Rothman
4550,Bob Persichetti
4551,Anthony Palmer
4552,Tom McCarthy
4553,Harmony Korine
4554,Storm Saulter
4555,Christopher Ray
4556,Adam Alleca
4557,Alison E. Rose
4558,Ola Flyum
4559,David Hebditch
4560,Akiva Goldsman
4561,Arjun Gourisaria
4562,Moinak Biswas
4563,Chatchai Katenut
4564,Manussa Vorasingha
4565,Tanwarin Sukkhapisit
4566,Jon J. Whelan
4567,Alex Holmes
4568,Raj B. Shetty
4569,James Sweeney
4570,Rowan Athale
4571,Baz Luhrmann
4572,Ester Gould
4573,Reijer Zwaan
4574,Andrew Bergman
4575,Afonso Poyart
4576,J.M. Berrios
4577,Stefano Sollima
4578,Chayanop Boonprakob
4579,Zakariya
4580,Benny Fredman
4581,Saul Dibb
4582,Joseph Cross
4583,Kasper Barfoed
4584,Partho Sen-Gupta
4585,Kevin Phillips
4586,Greg Mottola
4587,Gordon Parks
4588,Bryan Singer
4589,Bruce McCulloch
4590,Matthew Cooke
4591,Anthony Caronna
4592,Alexander Smith
4593,Matt Wechsler
4594,Jamie M. Dagg
4595,Dan Kwan
4596,Daniel Scheinert
4597,Derek Yee
4598,Navneet Behal
4599,Julien Seri
4600,Kevin Lima
4601,Brian Smith
4602,Ryu Jung-woo
4603,Sonia Lowman
4604,John Carchietta
4605,Michael Pressman
4606,Steve Barron
4607,Einar Gabbassov
4608,Natalia Garagiola
4609,Jevons Au
4610,Zune Kwok
4611,Chow Kwun-wai
4612,Ng Ka-Leung
4613,Wong Fei-Pang
4614,Yann Arthus-Bertrand
4615,Michael Pitiot
4616,Damien Leone
4617,Sukhbir Singh
4618,Dheeraj Berry
4619,Mitzi Vanessa Arreola
4620,Amir Galvan Cervera
4621,Matthew Shoychet
4622,Pamela Romanowsky
4623,Geoff Anderson
4624,Esteban Sapir
4625,Jee-woon Kim
4626,Andrew Douglas
4627,Thurop Van Orman
4628,John Rice
4629,Denis Hennelly
4630,Casey Suchan
4631,Jonathan Sobol
4632,Christian Duguay
4633,André Øvredal
4634,Kurt Voelker
4635,Elliot Hegarty
4636,Keith Fulton
4637,Louis Pepe
4638,Brian M. Conley
4639,Nathan Ives
4640,John Ford
4641,Tommy Avallone
4642,Rolfe Kanefsky
4643,Philippe Falardeau
4644,Kevin Ford
4645,Smriti Keshari
4646,Eric Schlosser
4647,Albert Hughes
4648,Allen Hughes
4649,Olivier Loustau
4650,Richard Kelly
4651,William Brent Bell
4652,Mark Herman
4653,Neil Jordan
4654,Ken Kushner
4655,Nora Twomey
4656,Stacy Title
4657,Graham Phillips
4658,Parker Phillips
4659,Ofir Raul Graizer
4660,Bumpy
4661,Elliot Silverstein
4662,Sean Menard
4663,Jon Gunn
4664,Tarek Al Eryan
4665,Craig Moss
4666,Magdy Al-Hawwary
4667,Antonio Chavarrías
4668,John Stephenson
4669,Michael Buster
4670,Bob Nelson
4671,Ari Folman
4672,Andrew Fleming
4673,Kirk De Micco
4674,Chris Sanders
4675,Marek Piwowski
4676,Jarrad Paul
4677,Andrew Mogel
4678,Satish Manwar
4679,Frank Oz
4680,Tariq Khan
4681,Peter Mortimer
4682,Josh Lowell
4683,Cecilia Atán
4684,Valeria Pivato
4685,Blair Hayes
4686,William Friedkin
4687,Stephanie Soechtig
4688,Jeremy Seifert
4689,Bette Gordon
4690,Kieran Darcy-Smith
4691,Robert Berlinger
4692,Paul Andrew Williams
4693,James Ponsoldt
4694,David Leveaux
4695,Michael Samuels
4696,Jenée LaMarque
4697,Coerte Voorhees
4698,John Voorhees
4699,Rodrigo Van Der Put
4700,Hugh WIlson
4701,Meng Hua Ho
4702,Peter Nicks
4703,Oliver Frampton
4704,Scott Walker
4705,Mario Mattei
4706,Cody Stokes
4707,Doron Paz
4708,Yoav Paz
4709,Paul Shoulberg
4710,Kasra Farahani
4711,Michel Gondry
4712,Michael G. Kehoe
4713,Mickey Liddell
4714,Paco Arango
4715,Maya Gallus
4716,Chad Archibald
4717,Mark Columbus
4718,Lauren Hoekstra
4719,Sarah Kruchowski
4720,Ryan Moody
4721,Simon Savelyev
4722,Vanita Shastry
4723,Shadae Lamar Smith
4724,Jeremy David White
4725,Damani Baker
4726,Rudradeep Bhattacharjee
4727,Rob W. King
4728,Isaac Ezban
4729,Philip Einstein Lipski
4730,Jørgen Lerdam
4731,Amalie Næsby Fick
4732,Femi Oyeniran
4733,Kalvadour Peterson
4734,Nicky Slimting Walker
4735,Matthew Robinson
4736,Phyllida Lloyd
4737,Benjamin Cohen
4738,Nicolas Cotto
4739,Robin Swicord
4740,Karen Moncrieff
4741,Alejandro Agresti
4742,Timothy Reckart
4743,Pieter-Jan De Pue
4744,Gillian Armstrong
4745,Mark Craig
4746,Dennis Scholl
4747,Rob Smat
4748,Blake Harris
4749,Chris Bouchard
4750,Brian O'Malley
4751,Jay Lyons
4752,Robert Aldrich
4753,Fred Durst
4754,Joshua Oppenheimer
4755,Marco Schnabel
4756,Robert Cannan
4757,Ross Adam
4758,Stanisław Różewicz
4759,Johnny To
4760,Robert Tate
4761,John Mikulak
4762,Joshua Brown
4763,Christopher Loren Ewers
4764,Erik Ewers
4765,Park In-je
4766,William Wyler
4767,Grant Heslov
4768,Mads Matthiesen
4769,John Banas
4770,Michael Radford
4771,Stuart Heisler
4772,Carly Stone
4773,Stefan Aust
4774,Dirk Laabs
4775,Joe Johnston
4776,John Duigan
4777,Ben A. Williams
4778,Mimi Leder
4779,Alan J. Pakula
4780,Jean-Pierre Devillers
4781,Stephen Chbosky
4782,Joel Schumacher
4783,Peggy Holmes
4784,Bryan Buckley
4785,Peter Lord
4786,Jeff Newitt
4787,Keerthi
4788,Robert McCallum
4789,Chan-sang Lim
4790,Brian A. Miller
4791,Martha Coolidge
4792,Ron Clements
4793,John Musker
4794,Na Hyeon
4795,John Papola
4796,Grant Korgan
4797,Brian Niles
4798,Francis Ford Coppola
4799,Miriam Chandy Menacherry
4800,Kevin Derek
4801,Shaina Allen
4802,Mariah Moore
4803,Marston Sawyers
4804,Alison MacLean
4805,Steve Barker
4806,Dejan Zečević
4807,Hadi El Bagoury
4808,Lone Scherfig
4809,N.D. Wilson
4810,Curtis Hanson
4811,Christian E. Christiansen
4812,Bruce Robinson
4813,Austin Stark
4814,Kristian Levring
4815,Stephen Amezdroz
4816,Giancarlo Esposito
4817,William Eubank
4818,Will Eubank
4819,Sunil Soraya
4820,Krzysztof Zanussi
4821,Thomas Meadmore
4822,Kyle Patrick Alvarez
4823,Steven R. Monroe
4824,Cosmo Feilding-Mellen
4825,Stephan Rick
4826,Will Lockhart
4827,Cole D. Pruitt
4828,Tobe Hooper
4829,Mohammed El-Tahawy
4830,Mohamed Mostafa
4831,Lena Khan
4832,Leanne Gater
4833,Robert Schwentke
4834,Brendan Malloy
4835,David Koepp
4836,Ben Brewer
4837,Alex Brewer
4838,David Briggs
4839,Kevin Donovan
4840,Jean-Pierre Dardenne
4841,Luc Dardenne
4842,Mark Neveldine
4843,Ossama Abu El Atta
4844,Russell Crowe
4845,Jay Russell
4846,Robert Eggers
4847,Kyle Rankin
4848,Neil Rawles
4849,Emil Ben-Shimon
4850,Laurent Cantet
4851,Michael Apted
4852,Victoria Bromley
4853,George Mendeluk
4854,Peter Foott
4855,Peter Svatek
4856,Saheed Arafath
4857,Charlotte Zwerin
4858,David Shisgall
4859,Derek Hui
4860,Wim Bonte
4861,Raam Reddy
4862,Bin Bunluerit
4863,Benjamin Ross
4864,Stephen Hopkins
4865,Jordan Ross
4866,John Sturges
4867,Li Jun
4868,Steve Loter
4869,Sonny Marler
4870,Edward Ellis
4871,Flor Salcedo
4872,Aaron Woolf
4873,Beeban Kidron
4874,Michael Cumming
4875,Kyoko Miyake
4876,Phil Roman
4877,Roger Spottiswoode
4878,Buddhadev Dasgupta
4879,Sukum Maetawanitch
4880,Jeffrey Nachmanoff
4881,Wally Pfister
4882,Richard Bates Jr.
4883,Jon Reiner
4884,Brad Rothschild
4885,Ron Underwood
4886,S.S. Wilson
4887,Brent Maddock
4888,Adam Smith
4889,Jitender Pawar
4890,Nicholas Zeig-Owens
4891,Shaul Schwarz
4892,Christina Clusiau
4893,Tekin Girgin
4894,Henry Hathaway
4895,Preston A. Whitmore II
4896,Hugh Stewart
4897,Roy Boulting
4898,Anthony Veiller
4899,David Soren
4900,Hidetaka Inazuka
4901,Buz Wallick
4902,Gary Young
4903,Susan Lambert
4904,Stefan Moore
4905,Benedict Andrews
4906,Paul Feig
4907,Michael Mazzola
4908,Chris Burkard
4909,Jonathan Glazer
4910,Sanjay Patel
4911,Sherif Mandour
4912,Jason Reitman
4913,Pradeep Verma
4914,Mario Van Peebles
4915,Ashu Trikha
4916,Amanda Micheli
4917,Gurinder Chadha
4918,Brandon Dickerson
4919,David L.G. Hughes
4920,Harvey Lilley
4921,Gary Michael Schultz
4922,P.T. Kunju Muhammad
4923,Ganesh Kadam
4924,Kushal Srivastava
4925,Ed Lilly
4926,Bilal Lashari
4927,Param Gill
4928,Rob McKittrick
4929,Marc Francis
4930,Max Pugh
4931,Alex Smith
4932,Andrew J. Smith
4933,Philip G. Atwell
4934,Faraz Haider
4935,John Michael McDonagh
4936,Jack Zagha Kababie
4937,Marina Zenovich
4938,Tiffanie Hsu
4939,Max Joseph
4940,David Serrano
4941,Jeremiah Zagar
4942,Antoni Krauze
4943,Chi Fat Chan
4944,Ashish R. Mohan
4945,Stephen Donnelly
4946,Olly Reid
4947,Jun Falkenstein
4948,Abel Ferrara
4949,Trevor Ryan
4950,Michael Fahey
4951,Huang Lei
4952,Rebecca Harrison
4953,Josh Mendoza
4954,Ritu Sarin
4955,Tenzing Sonam
4956,Heidi Brandenburg
4957,Mathew Orzel
4958,Marek Kanievska
4959,Paul Raschid
4960,Drew Stone
4961,Milla Harrison-Hansley
4962,Alicky Sussman
4963,Dhruv Dhawan
4964,Anatole Litvak
4965,Paul Dano
4966,Morgan Matthews
4967,Mel Stuart
4968,Pascale Lamche
4969,Debra Granik
4970,Zach Braff
4971,Theo Davies
4972,Adrian Murray
4973,Bart Freundlich
4974,Storm Theunissen
4975,David Guy Levy
4976,Yasir Nawaz
4977,Lawrence Kasdan
4978,Jovanka Vuckovic
4979,Annie Clark
4980,Roxanne Benjamin
4981,N. Chandra
4982,Abu Bakr Shawky
4983,Christian De Vita
4984,Saratswadee Wongsomphet
4985,Kirati Nakintanon
4986,Mark Risley
4987,James Brown
4988,Ivona Juka
4989,Mu Chu
4990,Chandra Prakash Dwivedi
4991,Majid Al Ansari
4992,Peter Hewitt
4993,Mozez Singh
